NameA,NameB,CmpdA,CmpdB,A#,B#,MCS,MCSAtomCount,MCSS
d1,d1,CC(=O)NCCCS(O)(=O)=O,CC(=O)NCCCS(O)(=O)=O,11,11,[#6&!R]-&!@[#6&!R](=&!@[#8&!R])-&!@[#7&!R]-&!@[#6&!R]-&!@[#6&!R]-&!@[#6&!R]-&!@[#16&!R](-&!@[#8&!R])(=&!@[#8&!R])=&!@[#8&!R],11,1.0
d1,d2,CC(=O)NCCCS(O)(=O)=O,CC(=O)NC1=CC=C(O)C=C1,11,11,[#6&!R]-&!@[#6&!R](=&!@[#8&!R])-&!@[#7&!R],4,0.2222222222222222
d2,d1,CC(=O)NC1=CC=C(O)C=C1,CC(=O)NCCCS(O)(=O)=O,11,11,[#6&!R]-&!@[#6&!R](=&!@[#8&!R])-&!@[#7&!R],4,0.2222222222222222
d1,d3,CC(=O)NCCCS(O)(=O)=O,CCN1N=NN(CCN2CCC(COC)(CC2)N(C(=O)CC)C2=CC=CC=C2)C1=O,11,30,[#6&!R]-&!@[#6&!R](=&!@[#8&!R])-&!@[#7&!R],4,0.10810810810810811
d3,d1,CCN1N=NN(CCN2CCC(COC)(CC2)N(C(=O)CC)C2=CC=CC=C2)C1=O,CC(=O)NCCCS(O)(=O)=O,30,11,[#6&!R]-&!@[#6&!R](=&!@[#8&!R])-&!@[#7&!R],4,0.10810810810810811
d1,d4,CC(=O)NCCCS(O)(=O)=O,CN(C)CCC1=CNC2=C1C=C(CS(=O)(=O)N1CCCC1)C=C2,11,23,[#6&!R]-&!@[#6&!R]-&!@[#7&!R]-&!@[#6&!R],4,0.13333333333333333
d4,d1,CN(C)CCC1=CNC2=C1C=C(CS(=O)(=O)N1CCCC1)C=C2,CC(=O)NCCCS(O)(=O)=O,23,11,[#6&!R]-&!@[#6&!R]-&!@[#7&!R]-&!@[#6&!R],4,0.13333333333333333
d1,d5,CC(=O)NCCCS(O)(=O)=O,CC1=NN=C2CN=C(C3=CC=CC=C3)C3=C(C=CC(Cl)=C3)N12,11,22,[#6&!R],1,0.03125
d5,d1,CC1=NN=C2CN=C(C3=CC=CC=C3)C3=C(C=CC(Cl)=C3)N12,CC(=O)NCCCS(O)(=O)=O,22,11,[#6&!R],1,0.03125
d1,d6,CC(=O)NCCCS(O)(=O)=O,NC12CC3CC(CC(C3)C1)C2,11,11,[#7&!R],1,0.047619047619047616
d6,d1,NC12CC3CC(CC(C3)C1)C2,CC(=O)NCCCS(O)(=O)=O,11,11,[#7&!R],1,0.047619047619047616
d1,d7,CC(=O)NCCCS(O)(=O)=O,CC[N+](CC)(CCNC(=O)C(=O)NCC[N+](CC)(CC)CC1=CC=CC=C1Cl)CC1=CC=CC=C1Cl,11,36,[#6&!R]-&!@[#6&!R](=&!@[#8&!R])-&!@[#7&!R]-&!@[#6&!R]-&!@[#6&!R],6,0.14634146341463414
d7,d1,CC[N+](CC)(CCNC(=O)C(=O)NCC[N+](CC)(CC)CC1=CC=CC=C1Cl)CC1=CC=CC=C1Cl,CC(=O)NCCCS(O)(=O)=O,36,11,[#6&!R]-&!@[#6&!R](=&!@[#8&!R])-&!@[#7&!R]-&!@[#6&!R]-&!@[#6&!R],6,0.14634146341463414
d1,d8,CC(=O)NCCCS(O)(=O)=O,CN(C)CCC=C1C2=CC=CC=C2CCC2=CC=CC=C12,11,21,[#6&!R]-&!@[#7&!R]-&!@[#6&!R]-&!@[#6&!R]-&!@[#6&!R],5,0.18518518518518517
d8,d1,CN(C)CCC=C1C2=CC=CC=C2CCC2=CC=CC=C12,CC(=O)NCCCS(O)(=O)=O,21,11,[#6&!R]-&!@[#7&!R]-&!@[#6&!R]-&!@[#6&!R]-&!@[#6&!R],5,0.18518518518518517
d1,d9,CC(=O)NCCCS(O)(=O)=O,ClC1=CC2=C(OC3=CC=CC=C3N=C2N2CCNCC2)C=C1,11,22,,0,0.0
d9,d1,ClC1=CC2=C(OC3=CC=CC=C3N=C2N2CCNCC2)C=C1,CC(=O)NCCCS(O)(=O)=O,22,11,,0,0.0
d1,d10,CC(=O)NCCCS(O)(=O)=O,CC(N)CC1=CC=CC=C1,11,10,[#6&!R]-&!@[#6&!R]-&!@[#7&!R],3,0.16666666666666666
d10,d1,CC(N)CC1=CC=CC=C1,CC(=O)NCCCS(O)(=O)=O,10,11,[#6&!R]-&!@[#6&!R]-&!@[#7&!R],3,0.16666666666666666
d1,d11,CC(=O)NCCCS(O)(=O)=O,[H][C@]12CC3=C(C(O)=C(O)C=C3)C3=CC=CC(CCN1C)=C23,11,20,[#6&!R],1,0.03333333333333333
d11,d1,[H][C@]12CC3=C(C(O)=C(O)C=C3)C3=CC=CC(CCN1C)=C23,CC(=O)NCCCS(O)(=O)=O,20,11,[#6&!R],1,0.03333333333333333
d1,d12,CC(=O)NCCCS(O)(=O)=O,C[C@@H](O[C@H]1OCCN(CC2=NNC(=O)N2)[C@H]1C1=CC=C(F)C=C1)C1=CC(=CC(=C1)C(F)(F)F)C(F)(F)F,11,37,[#6&!R]-&!@[#6&!R],2,0.043478260869565216
d12,d1,C[C@@H](O[C@H]1OCCN(CC2=NNC(=O)N2)[C@H]1C1=CC=C(F)C=C1)C1=CC(=CC(=C1)C(F)(F)F)C(F)(F)F,CC(=O)NCCCS(O)(=O)=O,37,11,[#6&!R]-&!@[#6&!R],2,0.043478260869565216
d1,d13,CC(=O)NCCCS(O)(=O)=O,ClC1=CC=CC(N2CCN(CCCCOC3=CC4=C(CCC(=O)N4)C=C3)CC2)=C1Cl,11,30,[#6&!R]-&!@[#6&!R]-&!@[#6&!R],3,0.07894736842105263
d13,d1,ClC1=CC=CC(N2CCN(CCCCOC3=CC4=C(CCC(=O)N4)C=C3)CC2)=C1Cl,CC(=O)NCCCS(O)(=O)=O,30,11,[#6&!R]-&!@[#6&!R]-&!@[#6&!R],3,0.07894736842105263
d1,d14,CC(=O)NCCCS(O)(=O)=O,OC(=O)\C=C/C(O)=O.CN1CC2C(C1)C1=C(OC3=CC=CC=C23)C=CC(Cl)=C1,11,28,[#6&!R]-&!@[#6&!R]=&!@[#8&!R],3,0.08333333333333333
d14,d1,OC(=O)\C=C/C(O)=O.CN1CC2C(C1)C1=C(OC3=CC=CC=C23)C=CC(Cl)=C1,CC(=O)NCCCS(O)(=O)=O,28,11,[#6&!R]-&!@[#6&!R]=&!@[#8&!R],3,0.08333333333333333
d1,d15,CC(=O)NCCCS(O)(=O)=O,CNCC[C@@H](OC1=CC=CC=C1C)C1=CC=CC=C1,11,19,[#6&!R]-&!@[#7&!R]-&!@[#6&!R]-&!@[#6&!R]-&!@[#6&!R],5,0.2
d15,d1,CNCC[C@@H](OC1=CC=CC=C1C)C1=CC=CC=C1,CC(=O)NCCCS(O)(=O)=O,19,11,[#6&!R]-&!@[#7&!R]-&!@[#6&!R]-&!@[#6&!R]-&!@[#6&!R],5,0.2
d1,d16,CC(=O)NCCCS(O)(=O)=O,NCC(CC(O)=O)C1=CC=C(Cl)C=C1,11,14,[#7&!R]-&!@[#6&!R]-&!@[#6&!R]-&!@[#6&!R],4,0.19047619047619047
d16,d1,NCC(CC(O)=O)C1=CC=C(Cl)C=C1,CC(=O)NCCCS(O)(=O)=O,14,11,[#7&!R]-&!@[#6&!R]-&!@[#6&!R]-&!@[#6&!R],4,0.19047619047619047
d1,d17,CC(=O)NCCCS(O)(=O)=O,[H][C@]12CC[C@]([H])(C[C@@]([H])(C1)OC(C1=CC=CC=C1)C1=CC=CC=C1)N2C,11,23,[#6&!R],1,0.030303030303030304
d17,d1,[H][C@]12CC[C@]([H])(C[C@@]([H])(C1)OC(C1=CC=CC=C1)C1=CC=CC=C1)N2C,CC(=O)NCCCS(O)(=O)=O,23,11,[#6&!R],1,0.030303030303030304
d1,d18,CC(=O)NCCCS(O)(=O)=O,[H][C@@]12CCCN1C(=O)[C@H](CC(C)C)N1C(=O)[C@](NC(=O)[C@H]3CN(C)[C@]4([H])CC5=C(Br)NC6=CC=CC(=C56)C4=C3)(O[C@@]21O)C(C)C,11,43,[#6&!R](=&!@[#8&!R])-&!@[#7&!R],3,0.058823529411764705
d18,d1,[H][C@@]12CCCN1C(=O)[C@H](CC(C)C)N1C(=O)[C@](NC(=O)[C@H]3CN(C)[C@]4([H])CC5=C(Br)NC6=CC=CC(=C56)C4=C3)(O[C@@]21O)C(C)C,CC(=O)NCCCS(O)(=O)=O,43,11,[#6&!R](=&!@[#8&!R])-&!@[#7&!R],3,0.058823529411764705
d1,d19,CC(=O)NCCCS(O)(=O)=O,CO[C@]12CC[C@@]3(C[C@@H]1[C@](C)(O)C(C)(C)C)[C@H]1CC4=C5C(O[C@@H]2[C@@]35CCN1CC1CC1)=C(O)C=C4,11,34,[#6&!R]-&!@[#6&!R]-&!@[#6&!R],3,0.07142857142857142
d19,d1,CO[C@]12CC[C@@]3(C[C@@H]1[C@](C)(O)C(C)(C)C)[C@H]1CC4=C5C(O[C@@H]2[C@@]35CCN1CC1CC1)=C(O)C=C4,CC(=O)NCCCS(O)(=O)=O,34,11,[#6&!R]-&!@[#6&!R]-&!@[#6&!R],3,0.07142857142857142
d1,d20,CC(=O)NCCCS(O)(=O)=O,CC(NC(C)(C)C)C(=O)C1=CC(Cl)=CC=C1,11,16,[#6&!R]-&!@[#6&!R]-&!@[#7&!R]-&!@[#6&!R]-&!@[#6&!R],5,0.22727272727272727
d20,d1,CC(NC(C)(C)C)C(=O)C1=CC(Cl)=CC=C1,CC(=O)NCCCS(O)(=O)=O,16,11,[#6&!R]-&!@[#6&!R]-&!@[#7&!R]-&!@[#6&!R]-&!@[#6&!R],5,0.22727272727272727
d2,d2,CC(=O)NC1=CC=C(O)C=C1,CC(=O)NC1=CC=C(O)C=C1,11,11,[#6&!R]-&!@[#6&!R](=&!@[#8&!R])-&!@[#7&!R]-&!@[#6]1:&@[#6]:&@[#6]:&@[#6](:&@[#6]:&@[#6]:&@1)-&!@[#8&!R],11,1.0
d2,d3,CC(=O)NC1=CC=C(O)C=C1,CCN1N=NN(CCN2CCC(COC)(CC2)N(C(=O)CC)C2=CC=CC=C2)C1=O,11,30,[#6&!R]-&!@[#6&!R](=&!@[#8&!R])-&!@[#7&!R]-&!@[#6]1:&@[#6]:&@[#6]:&@[#6]:&@[#6]:&@[#6]:&@1,10,0.3225806451612903
d3,d2,CCN1N=NN(CCN2CCC(COC)(CC2)N(C(=O)CC)C2=CC=CC=C2)C1=O,CC(=O)NC1=CC=C(O)C=C1,30,11,[#6&!R]-&!@[#6&!R](=&!@[#8&!R])-&!@[#7&!R]-&!@[#6]1:&@[#6]:&@[#6]:&@[#6]:&@[#6]:&@[#6]:&@1,10,0.3225806451612903
d2,d4,CC(=O)NC1=CC=C(O)C=C1,CN(C)CCC1=CNC2=C1C=C(CS(=O)(=O)N1CCCC1)C=C2,11,23,[#6]1:&@[#6]:&@[#6]:&@[#6]:&@[#6]:&@[#6]:&@1,6,0.21428571428571427
d4,d2,CN(C)CCC1=CNC2=C1C=C(CS(=O)(=O)N1CCCC1)C=C2,CC(=O)NC1=CC=C(O)C=C1,23,11,[#6]1:&@[#6]:&@[#6]:&@[#6]:&@[#6]:&@[#6]:&@1,6,0.21428571428571427
d2,d5,CC(=O)NC1=CC=C(O)C=C1,CC1=NN=C2CN=C(C3=CC=CC=C3)C3=C(C=CC(Cl)=C3)N12,11,22,[#6]1:&@[#6]:&@[#6]:&@[#6]:&@[#6]:&@[#6]:&@1,6,0.2222222222222222
d5,d2,CC1=NN=C2CN=C(C3=CC=CC=C3)C3=C(C=CC(Cl)=C3)N12,CC(=O)NC1=CC=C(O)C=C1,22,11,[#6]1:&@[#6]:&@[#6]:&@[#6]:&@[#6]:&@[#6]:&@1,6,0.2222222222222222
d2,d6,CC(=O)NC1=CC=C(O)C=C1,NC12CC3CC(CC(C3)C1)C2,11,11,"[#7&!R]-&!@[#6]1:,-;@[#6]:,-;@[#6]:,-;@[#6]:,-;@[#6]:,-;@[#6]:,-;@1",7,0.4666666666666667
d6,d2,NC12CC3CC(CC(C3)C1)C2,CC(=O)NC1=CC=C(O)C=C1,11,11,"[#7&!R]-&!@[#6]1:,-;@[#6]:,-;@[#6]:,-;@[#6]:,-;@[#6]:,-;@[#6]:,-;@1",7,0.4666666666666667
d2,d7,CC(=O)NC1=CC=C(O)C=C1,CC[N+](CC)(CCNC(=O)C(=O)NCC[N+](CC)(CC)CC1=CC=CC=C1Cl)CC1=CC=CC=C1Cl,11,36,[#6]1:&@[#6]:&@[#6]:&@[#6]:&@[#6]:&@[#6]:&@1,6,0.14634146341463414
d7,d2,CC[N+](CC)(CCNC(=O)C(=O)NCC[N+](CC)(CC)CC1=CC=CC=C1Cl)CC1=CC=CC=C1Cl,CC(=O)NC1=CC=C(O)C=C1,36,11,[#6]1:&@[#6]:&@[#6]:&@[#6]:&@[#6]:&@[#6]:&@1,6,0.14634146341463414
d2,d8,CC(=O)NC1=CC=C(O)C=C1,CN(C)CCC=C1C2=CC=CC=C2CCC2=CC=CC=C12,11,21,[#6]1:&@[#6]:&@[#6]:&@[#6]:&@[#6]:&@[#6]:&@1,6,0.23076923076923078
d8,d2,CN(C)CCC=C1C2=CC=CC=C2CCC2=CC=CC=C12,CC(=O)NC1=CC=C(O)C=C1,21,11,[#6]1:&@[#6]:&@[#6]:&@[#6]:&@[#6]:&@[#6]:&@1,6,0.23076923076923078
d2,d9,CC(=O)NC1=CC=C(O)C=C1,ClC1=CC2=C(OC3=CC=CC=C3N=C2N2CCNCC2)C=C1,11,22,[#6]1:&@[#6]:&@[#6]:&@[#6]:&@[#6]:&@[#6]:&@1,6,0.2222222222222222
d9,d2,ClC1=CC2=C(OC3=CC=CC=C3N=C2N2CCNCC2)C=C1,CC(=O)NC1=CC=C(O)C=C1,22,11,[#6]1:&@[#6]:&@[#6]:&@[#6]:&@[#6]:&@[#6]:&@1,6,0.2222222222222222
d2,d10,CC(=O)NC1=CC=C(O)C=C1,CC(N)CC1=CC=CC=C1,11,10,[#6]1:&@[#6]:&@[#6]:&@[#6]:&@[#6]:&@[#6]:&@1,6,0.4
d10,d2,CC(N)CC1=CC=CC=C1,CC(=O)NC1=CC=C(O)C=C1,10,11,[#6]1:&@[#6]:&@[#6]:&@[#6]:&@[#6]:&@[#6]:&@1,6,0.4
d2,d11,CC(=O)NC1=CC=C(O)C=C1,[H][C@]12CC3=C(C(O)=C(O)C=C3)C3=CC=CC(CCN1C)=C23,11,20,[#6]1:&@[#6]:&@[#6]:&@[#6](:&@[#6]:&@[#6]:&@1)-&!@[#8&!R],7,0.2916666666666667
d11,d2,[H][C@]12CC3=C(C(O)=C(O)C=C3)C3=CC=CC(CCN1C)=C23,CC(=O)NC1=CC=C(O)C=C1,20,11,[#6]1:&@[#6]:&@[#6]:&@[#6](:&@[#6]:&@[#6]:&@1)-&!@[#8&!R],7,0.2916666666666667
d2,d12,CC(=O)NC1=CC=C(O)C=C1,C[C@@H](O[C@H]1OCCN(CC2=NNC(=O)N2)[C@H]1C1=CC=C(F)C=C1)C1=CC(=CC(=C1)C(F)(F)F)C(F)(F)F,11,37,[#6]1:&@[#6]:&@[#6]:&@[#6]:&@[#6]:&@[#6]:&@1,6,0.14285714285714285
d12,d2,C[C@@H](O[C@H]1OCCN(CC2=NNC(=O)N2)[C@H]1C1=CC=C(F)C=C1)C1=CC(=CC(=C1)C(F)(F)F)C(F)(F)F,CC(=O)NC1=CC=C(O)C=C1,37,11,[#6]1:&@[#6]:&@[#6]:&@[#6]:&@[#6]:&@[#6]:&@1,6,0.14285714285714285
d2,d13,CC(=O)NC1=CC=C(O)C=C1,ClC1=CC=CC(N2CCN(CCCCOC3=CC4=C(CCC(=O)N4)C=C3)CC2)=C1Cl,11,30,[#6]1:&@[#6]:&@[#6]:&@[#6](:&@[#6]:&@[#6]:&@1)-&!@[#8&!R],7,0.20588235294117646
d13,d2,ClC1=CC=CC(N2CCN(CCCCOC3=CC4=C(CCC(=O)N4)C=C3)CC2)=C1Cl,CC(=O)NC1=CC=C(O)C=C1,30,11,[#6]1:&@[#6]:&@[#6]:&@[#6](:&@[#6]:&@[#6]:&@1)-&!@[#8&!R],7,0.20588235294117646
d2,d14,CC(=O)NC1=CC=C(O)C=C1,OC(=O)\C=C/C(O)=O.CN1CC2C(C1)C1=C(OC3=CC=CC=C23)C=CC(Cl)=C1,11,28,[#6]1:&@[#6]:&@[#6]:&@[#6]:&@[#6]:&@[#6]:&@1,6,0.18181818181818182
d14,d2,OC(=O)\C=C/C(O)=O.CN1CC2C(C1)C1=C(OC3=CC=CC=C23)C=CC(Cl)=C1,CC(=O)NC1=CC=C(O)C=C1,28,11,[#6]1:&@[#6]:&@[#6]:&@[#6]:&@[#6]:&@[#6]:&@1,6,0.18181818181818182
d2,d15,CC(=O)NC1=CC=C(O)C=C1,CNCC[C@@H](OC1=CC=CC=C1C)C1=CC=CC=C1,11,19,[#6]1:&@[#6]:&@[#6]:&@[#6](:&@[#6]:&@[#6]:&@1)-&!@[#8&!R],7,0.30434782608695654
d15,d2,CNCC[C@@H](OC1=CC=CC=C1C)C1=CC=CC=C1,CC(=O)NC1=CC=C(O)C=C1,19,11,[#6]1:&@[#6]:&@[#6]:&@[#6](:&@[#6]:&@[#6]:&@1)-&!@[#8&!R],7,0.30434782608695654
d2,d16,CC(=O)NC1=CC=C(O)C=C1,NCC(CC(O)=O)C1=CC=C(Cl)C=C1,11,14,[#6]1:&@[#6]:&@[#6]:&@[#6]:&@[#6]:&@[#6]:&@1,6,0.3157894736842105
d16,d2,NCC(CC(O)=O)C1=CC=C(Cl)C=C1,CC(=O)NC1=CC=C(O)C=C1,14,11,[#6]1:&@[#6]:&@[#6]:&@[#6]:&@[#6]:&@[#6]:&@1,6,0.3157894736842105
d2,d17,CC(=O)NC1=CC=C(O)C=C1,[H][C@]12CC[C@]([H])(C[C@@]([H])(C1)OC(C1=CC=CC=C1)C1=CC=CC=C1)N2C,11,23,"[#6&R](:,-;@[#6&R]:,-;@[#6&R]:,-;@[#6&R]-&!@[#8&!R]):,-;@[#6&R]:,-;@[#6&R]",7,0.25925925925925924
d17,d2,[H][C@]12CC[C@]([H])(C[C@@]([H])(C1)OC(C1=CC=CC=C1)C1=CC=CC=C1)N2C,CC(=O)NC1=CC=C(O)C=C1,23,11,"[#6&R](:,-;@[#6&R]:,-;@[#6&R]:,-;@[#6&R]-&!@[#8&!R]):,-;@[#6&R]:,-;@[#6&R]",7,0.25925925925925924
d2,d18,CC(=O)NC1=CC=C(O)C=C1,[H][C@@]12CCCN1C(=O)[C@H](CC(C)C)N1C(=O)[C@](NC(=O)[C@H]3CN(C)[C@]4([H])CC5=C(Br)NC6=CC=CC(=C56)C4=C3)(O[C@@]21O)C(C)C,11,43,"[#6]1:,-;@[#6]:,-;@[#6]:&@[#6]:&@[#6]:,-;@[#6]:,-;@1",6,0.125
d18,d2,[H][C@@]12CCCN1C(=O)[C@H](CC(C)C)N1C(=O)[C@](NC(=O)[C@H]3CN(C)[C@]4([H])CC5=C(Br)NC6=CC=CC(=C56)C4=C3)(O[C@@]21O)C(C)C,CC(=O)NC1=CC=C(O)C=C1,43,11,"[#6]1:,-;@[#6]:,-;@[#6]:&@[#6]:&@[#6]:,-;@[#6]:,-;@1",6,0.125
d2,d19,CC(=O)NC1=CC=C(O)C=C1,CO[C@]12CC[C@@]3(C[C@@H]1[C@](C)(O)C(C)(C)C)[C@H]1CC4=C5C(O[C@@H]2[C@@]35CCN1CC1CC1)=C(O)C=C4,11,34,"[#6]1:,-;@[#6]:,-;@[#6]:,-;@[#6](:,-;@[#6]:,-;@[#6]:,-;@1)-&!@[#8&!R]",7,0.18421052631578946
d19,d2,CO[C@]12CC[C@@]3(C[C@@H]1[C@](C)(O)C(C)(C)C)[C@H]1CC4=C5C(O[C@@H]2[C@@]35CCN1CC1CC1)=C(O)C=C4,CC(=O)NC1=CC=C(O)C=C1,34,11,"[#6]1:,-;@[#6]:,-;@[#6]:,-;@[#6](:,-;@[#6]:,-;@[#6]:,-;@1)-&!@[#8&!R]",7,0.18421052631578946
d2,d20,CC(=O)NC1=CC=C(O)C=C1,CC(NC(C)(C)C)C(=O)C1=CC(Cl)=CC=C1,11,16,[#6]1:&@[#6]:&@[#6]:&@[#6]:&@[#6]:&@[#6]:&@1,6,0.2857142857142857
d20,d2,CC(NC(C)(C)C)C(=O)C1=CC(Cl)=CC=C1,CC(=O)NC1=CC=C(O)C=C1,16,11,[#6]1:&@[#6]:&@[#6]:&@[#6]:&@[#6]:&@[#6]:&@1,6,0.2857142857142857
d3,d3,CCN1N=NN(CCN2CCC(COC)(CC2)N(C(=O)CC)C2=CC=CC=C2)C1=O,CCN1N=NN(CCN2CCC(COC)(CC2)N(C(=O)CC)C2=CC=CC=C2)C1=O,30,30,[#6&!R]-&!@[#6&!R]-&!@[#7]1:&@[#7]:&@[#7]:&@[#7](:&@[#6]:&@1=&!@[#8&!R])-&!@[#6&!R]-&!@[#6&!R]-&!@[#7]1-&@[#6]-&@[#6]-&@[#6](-&@[#6]-&@[#6]-&@1)(-&!@[#6&!R]-&!@[#8&!R]-&!@[#6&!R])-&!@[#7&!R](-&!@[#6&!R](=&!@[#8&!R])-&!@[#6&!R]-&!@[#6&!R])-&!@[#6]1:&@[#6]:&@[#6]:&@[#6]:&@[#6]:&@[#6]:&@1,30,1.0
d3,d4,CCN1N=NN(CCN2CCC(COC)(CC2)N(C(=O)CC)C2=CC=CC=C2)C1=O,CN(C)CCC1=CNC2=C1C=C(CS(=O)(=O)N1CCCC1)C=C2,30,23,[#6]1:&@[#6]:&@[#6]:&@[#6]:&@[#6]:&@[#6]:&@1,6,0.1276595744680851
d4,d3,CN(C)CCC1=CNC2=C1C=C(CS(=O)(=O)N1CCCC1)C=C2,CCN1N=NN(CCN2CCC(COC)(CC2)N(C(=O)CC)C2=CC=CC=C2)C1=O,23,30,[#6]1:&@[#6]:&@[#6]:&@[#6]:&@[#6]:&@[#6]:&@1,6,0.1276595744680851
d3,d5,CCN1N=NN(CCN2CCC(COC)(CC2)N(C(=O)CC)C2=CC=CC=C2)C1=O,CC1=NN=C2CN=C(C3=CC=CC=C3)C3=C(C=CC(Cl)=C3)N12,30,22,[#6]1:&@[#6]:&@[#6]:&@[#6]:&@[#6]:&@[#6]:&@1,6,0.13043478260869565
d5,d3,CC1=NN=C2CN=C(C3=CC=CC=C3)C3=C(C=CC(Cl)=C3)N12,CCN1N=NN(CCN2CCC(COC)(CC2)N(C(=O)CC)C2=CC=CC=C2)C1=O,22,30,[#6]1:&@[#6]:&@[#6]:&@[#6]:&@[#6]:&@[#6]:&@1,6,0.13043478260869565
d3,d6,CCN1N=NN(CCN2CCC(COC)(CC2)N(C(=O)CC)C2=CC=CC=C2)C1=O,NC12CC3CC(CC(C3)C1)C2,30,11,"[#7&!R]-&!@[#6]1-,:;@[#6]-,:;@[#6]-,:;@[#6]-,:;@[#6]-,:;@[#6]-,:;@1",7,0.20588235294117646
d6,d3,NC12CC3CC(CC(C3)C1)C2,CCN1N=NN(CCN2CCC(COC)(CC2)N(C(=O)CC)C2=CC=CC=C2)C1=O,11,30,"[#7&!R]-&!@[#6]1-,:;@[#6]-,:;@[#6]-,:;@[#6]-,:;@[#6]-,:;@[#6]-,:;@1",7,0.20588235294117646
d3,d7,CCN1N=NN(CCN2CCC(COC)(CC2)N(C(=O)CC)C2=CC=CC=C2)C1=O,CC[N+](CC)(CCNC(=O)C(=O)NCC[N+](CC)(CC)CC1=CC=CC=C1Cl)CC1=CC=CC=C1Cl,30,36,[#6]1:&@[#6]:&@[#6]:&@[#6]:&@[#6]:&@[#6]:&@1,6,0.1
d7,d3,CC[N+](CC)(CCNC(=O)C(=O)NCC[N+](CC)(CC)CC1=CC=CC=C1Cl)CC1=CC=CC=C1Cl,CCN1N=NN(CCN2CCC(COC)(CC2)N(C(=O)CC)C2=CC=CC=C2)C1=O,36,30,[#6]1:&@[#6]:&@[#6]:&@[#6]:&@[#6]:&@[#6]:&@1,6,0.1
d3,d8,CCN1N=NN(CCN2CCC(COC)(CC2)N(C(=O)CC)C2=CC=CC=C2)C1=O,CN(C)CCC=C1C2=CC=CC=C2CCC2=CC=CC=C12,30,21,[#6]1:&@[#6]:&@[#6]:&@[#6]:&@[#6]:&@[#6]:&@1,6,0.13333333333333333
d8,d3,CN(C)CCC=C1C2=CC=CC=C2CCC2=CC=CC=C12,CCN1N=NN(CCN2CCC(COC)(CC2)N(C(=O)CC)C2=CC=CC=C2)C1=O,21,30,[#6]1:&@[#6]:&@[#6]:&@[#6]:&@[#6]:&@[#6]:&@1,6,0.13333333333333333
d3,d9,CCN1N=NN(CCN2CCC(COC)(CC2)N(C(=O)CC)C2=CC=CC=C2)C1=O,ClC1=CC2=C(OC3=CC=CC=C3N=C2N2CCNCC2)C=C1,30,22,[#6]1:&@[#6]:&@[#6]:&@[#6]:&@[#6]:&@[#6]:&@1,6,0.13043478260869565
d9,d3,ClC1=CC2=C(OC3=CC=CC=C3N=C2N2CCNCC2)C=C1,CCN1N=NN(CCN2CCC(COC)(CC2)N(C(=O)CC)C2=CC=CC=C2)C1=O,22,30,[#6]1:&@[#6]:&@[#6]:&@[#6]:&@[#6]:&@[#6]:&@1,6,0.13043478260869565
d3,d10,CCN1N=NN(CCN2CCC(COC)(CC2)N(C(=O)CC)C2=CC=CC=C2)C1=O,CC(N)CC1=CC=CC=C1,30,10,[#6]1:&@[#6]:&@[#6]:&@[#6]:&@[#6]:&@[#6]:&@1,6,0.17647058823529413
d10,d3,CC(N)CC1=CC=CC=C1,CCN1N=NN(CCN2CCC(COC)(CC2)N(C(=O)CC)C2=CC=CC=C2)C1=O,10,30,[#6]1:&@[#6]:&@[#6]:&@[#6]:&@[#6]:&@[#6]:&@1,6,0.17647058823529413
d3,d11,CCN1N=NN(CCN2CCC(COC)(CC2)N(C(=O)CC)C2=CC=CC=C2)C1=O,[H][C@]12CC3=C(C(O)=C(O)C=C3)C3=CC=CC(CCN1C)=C23,30,20,"[#6]1-&@[#6]-&@[#6]-&@[#7](-&@[#6]-&@[#6]:,-;@1)-&!@[#6&!R]",7,0.16279069767441862
d11,d3,[H][C@]12CC3=C(C(O)=C(O)C=C3)C3=CC=CC(CCN1C)=C23,CCN1N=NN(CCN2CCC(COC)(CC2)N(C(=O)CC)C2=CC=CC=C2)C1=O,20,30,"[#6]1-&@[#6]-&@[#6]-&@[#7](-&@[#6]-&@[#6]:,-;@1)-&!@[#6&!R]",7,0.16279069767441862
d3,d12,CCN1N=NN(CCN2CCC(COC)(CC2)N(C(=O)CC)C2=CC=CC=C2)C1=O,C[C@@H](O[C@H]1OCCN(CC2=NNC(=O)N2)[C@H]1C1=CC=C(F)C=C1)C1=CC(=CC(=C1)C(F)(F)F)C(F)(F)F,30,37,"[#6&R]-,:;@[#6&R]-,:;@[#6&R](-&!@[#6&!R]-&!@[#8&!R])-,:;@[#6&R]-,:;@[#6&R]",7,0.11666666666666667
d12,d3,C[C@@H](O[C@H]1OCCN(CC2=NNC(=O)N2)[C@H]1C1=CC=C(F)C=C1)C1=CC(=CC(=C1)C(F)(F)F)C(F)(F)F,CCN1N=NN(CCN2CCC(COC)(CC2)N(C(=O)CC)C2=CC=CC=C2)C1=O,37,30,"[#6&R]-,:;@[#6&R]-,:;@[#6&R](-&!@[#6&!R]-&!@[#8&!R])-,:;@[#6&R]-,:;@[#6&R]",7,0.11666666666666667
d3,d13,CCN1N=NN(CCN2CCC(COC)(CC2)N(C(=O)CC)C2=CC=CC=C2)C1=O,ClC1=CC=CC(N2CCN(CCCCOC3=CC4=C(CCC(=O)N4)C=C3)CC2)=C1Cl,30,30,[#6&!R]-&!@[#6&!R]-&!@[#7&R](-&@[#6&R]-&@[#6&R])-&@[#6&R]-&@[#6&R],7,0.1320754716981132
d13,d3,ClC1=CC=CC(N2CCN(CCCCOC3=CC4=C(CCC(=O)N4)C=C3)CC2)=C1Cl,CCN1N=NN(CCN2CCC(COC)(CC2)N(C(=O)CC)C2=CC=CC=C2)C1=O,30,30,[#6&!R]-&!@[#6&!R]-&!@[#7&R](-&@[#6&R]-&@[#6&R])-&@[#6&R]-&@[#6&R],7,0.1320754716981132
d3,d14,CCN1N=NN(CCN2CCC(COC)(CC2)N(C(=O)CC)C2=CC=CC=C2)C1=O,OC(=O)\C=C/C(O)=O.CN1CC2C(C1)C1=C(OC3=CC=CC=C23)C=CC(Cl)=C1,30,28,[#6&!R]-&!@[#7&R](-&@[#6&R]-&@[#6&R]-&@[#6&R])-&@[#6&R]-&@[#6&R],7,0.13725490196078433
d14,d3,OC(=O)\C=C/C(O)=O.CN1CC2C(C1)C1=C(OC3=CC=CC=C23)C=CC(Cl)=C1,CCN1N=NN(CCN2CCC(COC)(CC2)N(C(=O)CC)C2=CC=CC=C2)C1=O,28,30,[#6&!R]-&!@[#7&R](-&@[#6&R]-&@[#6&R]-&@[#6&R])-&@[#6&R]-&@[#6&R],7,0.13725490196078433
d3,d15,CCN1N=NN(CCN2CCC(COC)(CC2)N(C(=O)CC)C2=CC=CC=C2)C1=O,CNCC[C@@H](OC1=CC=CC=C1C)C1=CC=CC=C1,30,19,"[#6&!R](-&!@[#8&!R])-&!@[#6&R](:,-;@[#6&R]:,-;@[#6&R]):,-;@[#6&R]:,-;@[#6&R]",7,0.16666666666666666
d15,d3,CNCC[C@@H](OC1=CC=CC=C1C)C1=CC=CC=C1,CCN1N=NN(CCN2CCC(COC)(CC2)N(C(=O)CC)C2=CC=CC=C2)C1=O,19,30,"[#6&!R](-&!@[#8&!R])-&!@[#6&R](:,-;@[#6&R]:,-;@[#6&R]):,-;@[#6&R]:,-;@[#6&R]",7,0.16666666666666666
d3,d16,CCN1N=NN(CCN2CCC(COC)(CC2)N(C(=O)CC)C2=CC=CC=C2)C1=O,NCC(CC(O)=O)C1=CC=C(Cl)C=C1,30,14,[#6]1:&@[#6]:&@[#6]:&@[#6]:&@[#6]:&@[#6]:&@1,6,0.15789473684210525
d16,d3,NCC(CC(O)=O)C1=CC=C(Cl)C=C1,CCN1N=NN(CCN2CCC(COC)(CC2)N(C(=O)CC)C2=CC=CC=C2)C1=O,14,30,[#6]1:&@[#6]:&@[#6]:&@[#6]:&@[#6]:&@[#6]:&@1,6,0.15789473684210525
d3,d17,CCN1N=NN(CCN2CCC(COC)(CC2)N(C(=O)CC)C2=CC=CC=C2)C1=O,[H][C@]12CC[C@]([H])(C[C@@]([H])(C1)OC(C1=CC=CC=C1)C1=CC=CC=C1)N2C,30,23,[#6]1-&@[#6]-&@[#6]-&@[#6]-&@[#6]-&@[#7]-&@1-&!@[#6&!R],7,0.15217391304347827
d17,d3,[H][C@]12CC[C@]([H])(C[C@@]([H])(C1)OC(C1=CC=CC=C1)C1=CC=CC=C1)N2C,CCN1N=NN(CCN2CCC(COC)(CC2)N(C(=O)CC)C2=CC=CC=C2)C1=O,23,30,[#6]1-&@[#6]-&@[#6]-&@[#6]-&@[#6]-&@[#7]-&@1-&!@[#6&!R],7,0.15217391304347827
d3,d18,CCN1N=NN(CCN2CCC(COC)(CC2)N(C(=O)CC)C2=CC=CC=C2)C1=O,[H][C@@]12CCCN1C(=O)[C@H](CC(C)C)N1C(=O)[C@](NC(=O)[C@H]3CN(C)[C@]4([H])CC5=C(Br)NC6=CC=CC(=C56)C4=C3)(O[C@@]21O)C(C)C,30,43,[#6&!R]-&!@[#7&R](-&@[#6&R]-&@[#6&R]-&@[#6&R])-&@[#6&R]-&@[#6&R],7,0.10606060606060606
d18,d3,[H][C@@]12CCCN1C(=O)[C@H](CC(C)C)N1C(=O)[C@](NC(=O)[C@H]3CN(C)[C@]4([H])CC5=C(Br)NC6=CC=CC(=C56)C4=C3)(O[C@@]21O)C(C)C,CCN1N=NN(CCN2CCC(COC)(CC2)N(C(=O)CC)C2=CC=CC=C2)C1=O,43,30,[#6&!R]-&!@[#7&R](-&@[#6&R]-&@[#6&R]-&@[#6&R])-&@[#6&R]-&@[#6&R],7,0.10606060606060606
d3,d19,CCN1N=NN(CCN2CCC(COC)(CC2)N(C(=O)CC)C2=CC=CC=C2)C1=O,CO[C@]12CC[C@@]3(C[C@@H]1[C@](C)(O)C(C)(C)C)[C@H]1CC4=C5C(O[C@@H]2[C@@]35CCN1CC1CC1)=C(O)C=C4,30,34,[#6&!R]-&!@[#7]1-&@[#6]-&@[#6]-&@[#6]-&@[#6]-&@[#6]-&@1,7,0.12280701754385964
d19,d3,CO[C@]12CC[C@@]3(C[C@@H]1[C@](C)(O)C(C)(C)C)[C@H]1CC4=C5C(O[C@@H]2[C@@]35CCN1CC1CC1)=C(O)C=C4,CCN1N=NN(CCN2CCC(COC)(CC2)N(C(=O)CC)C2=CC=CC=C2)C1=O,34,30,[#6&!R]-&!@[#7]1-&@[#6]-&@[#6]-&@[#6]-&@[#6]-&@[#6]-&@1,7,0.12280701754385964
d3,d20,CCN1N=NN(CCN2CCC(COC)(CC2)N(C(=O)CC)C2=CC=CC=C2)C1=O,CC(NC(C)(C)C)C(=O)C1=CC(Cl)=CC=C1,30,16,[#6]1:&@[#6]:&@[#6]:&@[#6]:&@[#6]:&@[#6]:&@1,6,0.15
d20,d3,CC(NC(C)(C)C)C(=O)C1=CC(Cl)=CC=C1,CCN1N=NN(CCN2CCC(COC)(CC2)N(C(=O)CC)C2=CC=CC=C2)C1=O,16,30,[#6]1:&@[#6]:&@[#6]:&@[#6]:&@[#6]:&@[#6]:&@1,6,0.15
d4,d4,CN(C)CCC1=CNC2=C1C=C(CS(=O)(=O)N1CCCC1)C=C2,CN(C)CCC1=CNC2=C1C=C(CS(=O)(=O)N1CCCC1)C=C2,23,23,[#6&!R]-&!@[#7&!R](-&!@[#6&!R])-&!@[#6&!R]-&!@[#6&!R]-&!@[#6]1:&@[#6]:&@[#7]:&@[#6]2:&@[#6]:&@1:&@[#6]:&@[#6](:&@[#6]:&@[#6]:&@2)-&!@[#6&!R]-&!@[#16&!R](=&!@[#8&!R])(=&!@[#8&!R])-&!@[#7]1-&@[#6]-&@[#6]-&@[#6]-&@[#6]-&@1,23,1.0
d4,d5,CN(C)CCC1=CNC2=C1C=C(CS(=O)(=O)N1CCCC1)C=C2,CC1=NN=C2CN=C(C3=CC=CC=C3)C3=C(C=CC(Cl)=C3)N12,23,22,"[#6&R]:,-;@[#6&R]:&@[#7&R]:,-;@[#6]1:&@[#6]:&@[#6]:&@[#6]:&@[#6]:&@[#6]:&@1",9,0.25
d5,d4,CC1=NN=C2CN=C(C3=CC=CC=C3)C3=C(C=CC(Cl)=C3)N12,CN(C)CCC1=CNC2=C1C=C(CS(=O)(=O)N1CCCC1)C=C2,22,23,"[#6&R]:,-;@[#6&R]:&@[#7&R]:,-;@[#6]1:&@[#6]:&@[#6]:&@[#6]:&@[#6]:&@[#6]:&@1",9,0.25
d4,d6,CN(C)CCC1=CNC2=C1C=C(CS(=O)(=O)N1CCCC1)C=C2,NC12CC3CC(CC(C3)C1)C2,23,11,"[#6]1(-,:;@[#6]-,:;@[#6]-,:;@[#6]-,:;@[#6]-,:;@[#6]-,:;@1)-,:;@[#6&R]-,:;@[#6&R]",8,0.3076923076923077
d6,d4,NC12CC3CC(CC(C3)C1)C2,CN(C)CCC1=CNC2=C1C=C(CS(=O)(=O)N1CCCC1)C=C2,11,23,"[#6]1(-,:;@[#6]-,:;@[#6]-,:;@[#6]-,:;@[#6]-,:;@[#6]-,:;@1)-,:;@[#6&R]-,:;@[#6&R]",8,0.3076923076923077
d4,d7,CN(C)CCC1=CNC2=C1C=C(CS(=O)(=O)N1CCCC1)C=C2,CC[N+](CC)(CCNC(=O)C(=O)NCC[N+](CC)(CC)CC1=CC=CC=C1Cl)CC1=CC=CC=C1Cl,23,36,[#6]1:&@[#6]:&@[#6]:&@[#6](:&@[#6]:&@[#6]:&@1)-&!@[#6&!R],7,0.1346153846153846
d7,d4,CC[N+](CC)(CCNC(=O)C(=O)NCC[N+](CC)(CC)CC1=CC=CC=C1Cl)CC1=CC=CC=C1Cl,CN(C)CCC1=CNC2=C1C=C(CS(=O)(=O)N1CCCC1)C=C2,36,23,[#6]1:&@[#6]:&@[#6]:&@[#6](:&@[#6]:&@[#6]:&@1)-&!@[#6&!R],7,0.1346153846153846
d4,d8,CN(C)CCC1=CNC2=C1C=C(CS(=O)(=O)N1CCCC1)C=C2,CN(C)CCC=C1C2=CC=CC=C2CCC2=CC=CC=C12,23,21,"[#6&R](-,:;@[#6]1:&@[#6]:&@[#6]:&@[#6]:&@[#6]:&@[#6]:&@1)-,:;@[#6&R]",8,0.2222222222222222
d8,d4,CN(C)CCC=C1C2=CC=CC=C2CCC2=CC=CC=C12,CN(C)CCC1=CNC2=C1C=C(CS(=O)(=O)N1CCCC1)C=C2,21,23,"[#6&R](-,:;@[#6]1:&@[#6]:&@[#6]:&@[#6]:&@[#6]:&@[#6]:&@1)-,:;@[#6&R]",8,0.2222222222222222
d4,d9,CN(C)CCC1=CNC2=C1C=C(CS(=O)(=O)N1CCCC1)C=C2,ClC1=CC2=C(OC3=CC=CC=C3N=C2N2CCNCC2)C=C1,23,22,"[#7&R]:,-;@[#6]1:&@[#6]:&@[#6]:&@[#6]:&@[#6]:&@[#6]:&@1",7,0.18421052631578946
d9,d4,ClC1=CC2=C(OC3=CC=CC=C3N=C2N2CCNCC2)C=C1,CN(C)CCC1=CNC2=C1C=C(CS(=O)(=O)N1CCCC1)C=C2,22,23,"[#7&R]:,-;@[#6]1:&@[#6]:&@[#6]:&@[#6]:&@[#6]:&@[#6]:&@1",7,0.18421052631578946
d4,d10,CN(C)CCC1=CNC2=C1C=C(CS(=O)(=O)N1CCCC1)C=C2,CC(N)CC1=CC=CC=C1,23,10,[#6&!R](-&!@[#7&!R])-&!@[#6&!R]-&!@[#6&R](:&@[#6&R]:&@[#6&R]:&@[#6&R]:&@[#6&R]):&@[#6&R],9,0.375
d10,d4,CC(N)CC1=CC=CC=C1,CN(C)CCC1=CNC2=C1C=C(CS(=O)(=O)N1CCCC1)C=C2,10,23,[#6&!R](-&!@[#7&!R])-&!@[#6&!R]-&!@[#6&R](:&@[#6&R]:&@[#6&R]:&@[#6&R]:&@[#6&R]):&@[#6&R],9,0.375
d4,d11,CN(C)CCC1=CNC2=C1C=C(CS(=O)(=O)N1CCCC1)C=C2,[H][C@]12CC3=C(C(O)=C(O)C=C3)C3=CC=CC(CCN1C)=C23,23,20,"[#6]1(-,:;@[#6]-,:;@[#6]:&@[#6]-,:;@[#6]:&@[#6]-,:;@1:&@[#6&R])-,:;@[#7&R]-,:;@[#6&R]",9,0.2647058823529412
d11,d4,[H][C@]12CC3=C(C(O)=C(O)C=C3)C3=CC=CC(CCN1C)=C23,CN(C)CCC1=CNC2=C1C=C(CS(=O)(=O)N1CCCC1)C=C2,20,23,"[#6]1(-,:;@[#6]-,:;@[#6]:&@[#6]-,:;@[#6]:&@[#6]-,:;@1:&@[#6&R])-,:;@[#7&R]-,:;@[#6&R]",9,0.2647058823529412
d4,d12,CN(C)CCC1=CNC2=C1C=C(CS(=O)(=O)N1CCCC1)C=C2,C[C@@H](O[C@H]1OCCN(CC2=NNC(=O)N2)[C@H]1C1=CC=C(F)C=C1)C1=CC(=CC(=C1)C(F)(F)F)C(F)(F)F,23,37,[#6&!R]-&!@[#6&!R]-&!@[#6&R](:&@[#6&R]):&@[#6&R]:&@[#6&R]:&@[#6&R]:&@[#6&R],8,0.15384615384615385
d12,d4,C[C@@H](O[C@H]1OCCN(CC2=NNC(=O)N2)[C@H]1C1=CC=C(F)C=C1)C1=CC(=CC(=C1)C(F)(F)F)C(F)(F)F,CN(C)CCC1=CNC2=C1C=C(CS(=O)(=O)N1CCCC1)C=C2,37,23,[#6&!R]-&!@[#6&!R]-&!@[#6&R](:&@[#6&R]):&@[#6&R]:&@[#6&R]:&@[#6&R]:&@[#6&R],8,0.15384615384615385
d4,d13,CN(C)CCC1=CNC2=C1C=C(CS(=O)(=O)N1CCCC1)C=C2,ClC1=CC=CC(N2CCN(CCCCOC3=CC4=C(CCC(=O)N4)C=C3)CC2)=C1Cl,23,30,"[#6&R](:,-;@[#6&R]):,-;@[#6]1:&@[#6](:,-;@[#7&R]):&@[#6]:&@[#6]:&@[#6]:&@[#6]:&@1",9,0.20454545454545456
d13,d4,ClC1=CC=CC(N2CCN(CCCCOC3=CC4=C(CCC(=O)N4)C=C3)CC2)=C1Cl,CN(C)CCC1=CNC2=C1C=C(CS(=O)(=O)N1CCCC1)C=C2,30,23,"[#6&R](:,-;@[#6&R]):,-;@[#6]1:&@[#6](:,-;@[#7&R]):&@[#6]:&@[#6]:&@[#6]:&@[#6]:&@1",9,0.20454545454545456
d4,d14,CN(C)CCC1=CNC2=C1C=C(CS(=O)(=O)N1CCCC1)C=C2,OC(=O)\C=C/C(O)=O.CN1CC2C(C1)C1=C(OC3=CC=CC=C23)C=CC(Cl)=C1,23,28,"[#6]1:,-;@[#6]:,-;@[#7]:,-;@[#6]:,-;@[#6]:,-;@1:,-;@[#6&R]:&@[#6&R]:&@[#6&R]:&@[#6&R]",9,0.21428571428571427
d14,d4,OC(=O)\C=C/C(O)=O.CN1CC2C(C1)C1=C(OC3=CC=CC=C23)C=CC(Cl)=C1,CN(C)CCC1=CNC2=C1C=C(CS(=O)(=O)N1CCCC1)C=C2,28,23,"[#6]1:,-;@[#6]:,-;@[#7]:,-;@[#6]:,-;@[#6]:,-;@1:,-;@[#6&R]:&@[#6&R]:&@[#6&R]:&@[#6&R]",9,0.21428571428571427
d4,d15,CN(C)CCC1=CNC2=C1C=C(CS(=O)(=O)N1CCCC1)C=C2,CNCC[C@@H](OC1=CC=CC=C1C)C1=CC=CC=C1,23,19,[#6&!R]-&!@[#6&!R]-&!@[#6&R](:&@[#6&R]:&@[#6&R]:&@[#6&R]:&@[#6&R]):&@[#6&R],8,0.23529411764705882
d15,d4,CNCC[C@@H](OC1=CC=CC=C1C)C1=CC=CC=C1,CN(C)CCC1=CNC2=C1C=C(CS(=O)(=O)N1CCCC1)C=C2,19,23,[#6&!R]-&!@[#6&!R]-&!@[#6&R](:&@[#6&R]:&@[#6&R]:&@[#6&R]:&@[#6&R]):&@[#6&R],8,0.23529411764705882
d4,d16,CN(C)CCC1=CNC2=C1C=C(CS(=O)(=O)N1CCCC1)C=C2,NCC(CC(O)=O)C1=CC=C(Cl)C=C1,23,14,[#7&!R]-&!@[#6&!R]-&!@[#6&!R]-&!@[#6&R](:&@[#6&R]:&@[#6&R]:&@[#6&R]:&@[#6&R]):&@[#6&R],9,0.32142857142857145
d16,d4,NCC(CC(O)=O)C1=CC=C(Cl)C=C1,CN(C)CCC1=CNC2=C1C=C(CS(=O)(=O)N1CCCC1)C=C2,14,23,[#7&!R]-&!@[#6&!R]-&!@[#6&!R]-&!@[#6&R](:&@[#6&R]:&@[#6&R]:&@[#6&R]:&@[#6&R]):&@[#6&R],9,0.32142857142857145
d4,d17,CN(C)CCC1=CNC2=C1C=C(CS(=O)(=O)N1CCCC1)C=C2,[H][C@]12CC[C@]([H])(C[C@@]([H])(C1)OC(C1=CC=CC=C1)C1=CC=CC=C1)N2C,23,23,"[#6]1:,-;@[#6]:,-;@[#7]:,-;@[#6](:,-;@[#6]:,-;@1):,-;@[#6&R]:,-;@[#6&R]:,-;@[#6&R]",8,0.21052631578947367
d17,d4,[H][C@]12CC[C@]([H])(C[C@@]([H])(C1)OC(C1=CC=CC=C1)C1=CC=CC=C1)N2C,CN(C)CCC1=CNC2=C1C=C(CS(=O)(=O)N1CCCC1)C=C2,23,23,"[#6]1:,-;@[#6]:,-;@[#7]:,-;@[#6](:,-;@[#6]:,-;@1):,-;@[#6&R]:,-;@[#6&R]:,-;@[#6&R]",8,0.21052631578947367
d4,d18,CN(C)CCC1=CNC2=C1C=C(CS(=O)(=O)N1CCCC1)C=C2,[H][C@@]12CCCN1C(=O)[C@H](CC(C)C)N1C(=O)[C@](NC(=O)[C@H]3CN(C)[C@]4([H])CC5=C(Br)NC6=CC=CC(=C56)C4=C3)(O[C@@]21O)C(C)C,23,43,"[#6&!R]-&!@[#6&R]:,-;@[#6&R]:,-;@[#7&R]:,-;@[#6]1:,-;@[#6]:,-;@[#6]:&@[#6]:&@[#6]:,-;@[#6]:,-;@1",10,0.17857142857142858
d18,d4,[H][C@@]12CCCN1C(=O)[C@H](CC(C)C)N1C(=O)[C@](NC(=O)[C@H]3CN(C)[C@]4([H])CC5=C(Br)NC6=CC=CC(=C56)C4=C3)(O[C@@]21O)C(C)C,CN(C)CCC1=CNC2=C1C=C(CS(=O)(=O)N1CCCC1)C=C2,43,23,"[#6&!R]-&!@[#6&R]:,-;@[#6&R]:,-;@[#7&R]:,-;@[#6]1:,-;@[#6]:,-;@[#6]:&@[#6]:&@[#6]:,-;@[#6]:,-;@1",10,0.17857142857142858
d4,d19,CN(C)CCC1=CNC2=C1C=C(CS(=O)(=O)N1CCCC1)C=C2,CO[C@]12CC[C@@]3(C[C@@H]1[C@](C)(O)C(C)(C)C)[C@H]1CC4=C5C(O[C@@H]2[C@@]35CCN1CC1CC1)=C(O)C=C4,23,34,"[#6&!R]-&!@[#6&!R]-&!@[#6&R](:,-;@[#6&R]):,-;@[#6]1:,-;@[#6]:,-;@[#6]:,-;@[#6]:,-;@[#6]:,-;@[#6]:,-;@1",10,0.2127659574468085
d19,d4,CO[C@]12CC[C@@]3(C[C@@H]1[C@](C)(O)C(C)(C)C)[C@H]1CC4=C5C(O[C@@H]2[C@@]35CCN1CC1CC1)=C(O)C=C4,CN(C)CCC1=CNC2=C1C=C(CS(=O)(=O)N1CCCC1)C=C2,34,23,"[#6&!R]-&!@[#6&!R]-&!@[#6&R](:,-;@[#6&R]):,-;@[#6]1:,-;@[#6]:,-;@[#6]:,-;@[#6]:,-;@[#6]:,-;@[#6]:,-;@1",10,0.2127659574468085
d4,d20,CN(C)CCC1=CNC2=C1C=C(CS(=O)(=O)N1CCCC1)C=C2,CC(NC(C)(C)C)C(=O)C1=CC(Cl)=CC=C1,23,16,[#6&!R](-&!@[#7&!R]-&!@[#6&!R])-&!@[#6&!R]-&!@[#6&R](:&@[#6&R]:&@[#6&R]:&@[#6&R]:&@[#6&R]):&@[#6&R],10,0.3448275862068966
d20,d4,CC(NC(C)(C)C)C(=O)C1=CC(Cl)=CC=C1,CN(C)CCC1=CNC2=C1C=C(CS(=O)(=O)N1CCCC1)C=C2,16,23,[#6&!R](-&!@[#7&!R]-&!@[#6&!R])-&!@[#6&!R]-&!@[#6&R](:&@[#6&R]:&@[#6&R]:&@[#6&R]:&@[#6&R]):&@[#6&R],10,0.3448275862068966
d5,d5,CC1=NN=C2CN=C(C3=CC=CC=C3)C3=C(C=CC(Cl)=C3)N12,CC1=NN=C2CN=C(C3=CC=CC=C3)C3=C(C=CC(Cl)=C3)N12,22,22,[#6&!R]-&!@[#6]1:&@[#7]:&@[#7]:&@[#6]2:&@[#7]:&@1-&@[#6]1:&@[#6](-&@[#6](=&@[#7]-&@[#6]-&@2)-&!@[#6]2:&@[#6]:&@[#6]:&@[#6]:&@[#6]:&@[#6]:&@2):&@[#6]:&@[#6](:&@[#6]:&@[#6]:&@1)-&!@[#17&!R],22,1.0
d5,d6,CC1=NN=C2CN=C(C3=CC=CC=C3)C3=C(C=CC(Cl)=C3)N12,NC12CC3CC(CC(C3)C1)C2,22,11,"[#6]1(-,:;@[#6]-,:;@[#6]-,:;@[#6]-,:;@[#6]-,:;@[#6]-,:;@1)-&@[#6&R]",7,0.2692307692307692
d6,d5,NC12CC3CC(CC(C3)C1)C2,CC1=NN=C2CN=C(C3=CC=CC=C3)C3=C(C=CC(Cl)=C3)N12,11,22,"[#6]1(-,:;@[#6]-,:;@[#6]-,:;@[#6]-,:;@[#6]-,:;@[#6]-,:;@1)-&@[#6&R]",7,0.2692307692307692
d5,d7,CC1=NN=C2CN=C(C3=CC=CC=C3)C3=C(C=CC(Cl)=C3)N12,CC[N+](CC)(CCNC(=O)C(=O)NCC[N+](CC)(CC)CC1=CC=CC=C1Cl)CC1=CC=CC=C1Cl,22,36,[#6]1:&@[#6]:&@[#6]:&@[#6]:&@[#6](:&@[#6]:&@1)-&!@[#17&!R],7,0.13725490196078433
d7,d5,CC[N+](CC)(CCNC(=O)C(=O)NCC[N+](CC)(CC)CC1=CC=CC=C1Cl)CC1=CC=CC=C1Cl,CC1=NN=C2CN=C(C3=CC=CC=C3)C3=C(C=CC(Cl)=C3)N12,36,22,[#6]1:&@[#6]:&@[#6]:&@[#6]:&@[#6](:&@[#6]:&@1)-&!@[#17&!R],7,0.13725490196078433
d5,d8,CC1=NN=C2CN=C(C3=CC=CC=C3)C3=C(C=CC(Cl)=C3)N12,CN(C)CCC=C1C2=CC=CC=C2CCC2=CC=CC=C12,22,21,[#6&R]-&@[#6]1:&@[#6]:&@[#6]:&@[#6]:&@[#6]:&@[#6]:&@1,7,0.19444444444444445
d8,d5,CN(C)CCC=C1C2=CC=CC=C2CCC2=CC=CC=C12,CC1=NN=C2CN=C(C3=CC=CC=C3)C3=C(C=CC(Cl)=C3)N12,21,22,[#6&R]-&@[#6]1:&@[#6]:&@[#6]:&@[#6]:&@[#6]:&@[#6]:&@1,7,0.19444444444444445
d5,d9,CC1=NN=C2CN=C(C3=CC=CC=C3)C3=C(C=CC(Cl)=C3)N12,ClC1=CC2=C(OC3=CC=CC=C3N=C2N2CCNCC2)C=C1,22,22,"[#6&R]-,:;@[#6&R]-&@[#7&R]=&@[#6&R]-&@[#6]1:&@[#6]:&@[#6]:&@[#6]:&@[#6](:&@[#6]:&@1)-&!@[#17&!R]",11,0.3333333333333333
d9,d5,ClC1=CC2=C(OC3=CC=CC=C3N=C2N2CCNCC2)C=C1,CC1=NN=C2CN=C(C3=CC=CC=C3)C3=C(C=CC(Cl)=C3)N12,22,22,"[#6&R]-,:;@[#6&R]-&@[#7&R]=&@[#6&R]-&@[#6]1:&@[#6]:&@[#6]:&@[#6]:&@[#6](:&@[#6]:&@1)-&!@[#17&!R]",11,0.3333333333333333
d5,d10,CC1=NN=C2CN=C(C3=CC=CC=C3)C3=C(C=CC(Cl)=C3)N12,CC(N)CC1=CC=CC=C1,22,10,[#6]1:&@[#6]:&@[#6]:&@[#6]:&@[#6]:&@[#6]:&@1,6,0.23076923076923078
d10,d5,CC(N)CC1=CC=CC=C1,CC1=NN=C2CN=C(C3=CC=CC=C3)C3=C(C=CC(Cl)=C3)N12,10,22,[#6]1:&@[#6]:&@[#6]:&@[#6]:&@[#6]:&@[#6]:&@1,6,0.23076923076923078
d5,d11,CC1=NN=C2CN=C(C3=CC=CC=C3)C3=C(C=CC(Cl)=C3)N12,[H][C@]12CC3=C(C(O)=C(O)C=C3)C3=CC=CC(CCN1C)=C23,22,20,"[#6]1(-,:;@[#6]-,:;@[#6]:&@[#6]-,:;@[#6]:&@[#6]-,:;@1:,-;@[#6&R])-&@[#7&R]-,:;@[#6&R]-&@[#6&R]",10,0.3125
d11,d5,[H][C@]12CC3=C(C(O)=C(O)C=C3)C3=CC=CC(CCN1C)=C23,CC1=NN=C2CN=C(C3=CC=CC=C3)C3=C(C=CC(Cl)=C3)N12,20,22,"[#6]1(-,:;@[#6]-,:;@[#6]:&@[#6]-,:;@[#6]:&@[#6]-,:;@1:,-;@[#6&R])-&@[#7&R]-,:;@[#6&R]-&@[#6&R]",10,0.3125
d5,d12,CC1=NN=C2CN=C(C3=CC=CC=C3)C3=C(C=CC(Cl)=C3)N12,C[C@@H](O[C@H]1OCCN(CC2=NNC(=O)N2)[C@H]1C1=CC=C(F)C=C1)C1=CC(=CC(=C1)C(F)(F)F)C(F)(F)F,22,37,[#6&R](-&!@[#6]1:&@[#6]:&@[#6]:&@[#6]:&@[#6]:&@[#6]:&@1)-&@[#6&R],8,0.1568627450980392
d12,d5,C[C@@H](O[C@H]1OCCN(CC2=NNC(=O)N2)[C@H]1C1=CC=C(F)C=C1)C1=CC(=CC(=C1)C(F)(F)F)C(F)(F)F,CC1=NN=C2CN=C(C3=CC=CC=C3)C3=C(C=CC(Cl)=C3)N12,37,22,[#6&R](-&!@[#6]1:&@[#6]:&@[#6]:&@[#6]:&@[#6]:&@[#6]:&@1)-&@[#6&R],8,0.1568627450980392
d5,d13,CC1=NN=C2CN=C(C3=CC=CC=C3)C3=C(C=CC(Cl)=C3)N12,ClC1=CC=CC(N2CCN(CCCCOC3=CC4=C(CCC(=O)N4)C=C3)CC2)=C1Cl,22,30,"[#6&R](-&@[#6&R]):,-;@[#7&R]-&@[#6]1:&@[#6](-&@[#6&R]):&@[#6]:&@[#6]:&@[#6]:&@[#6]:&@1",10,0.23809523809523808
d13,d5,ClC1=CC=CC(N2CCN(CCCCOC3=CC4=C(CCC(=O)N4)C=C3)CC2)=C1Cl,CC1=NN=C2CN=C(C3=CC=CC=C3)C3=C(C=CC(Cl)=C3)N12,30,22,"[#6&R](-&@[#6&R]):,-;@[#7&R]-&@[#6]1:&@[#6](-&@[#6&R]):&@[#6]:&@[#6]:&@[#6]:&@[#6]:&@1",10,0.23809523809523808
d5,d14,CC1=NN=C2CN=C(C3=CC=CC=C3)C3=C(C=CC(Cl)=C3)N12,OC(=O)\C=C/C(O)=O.CN1CC2C(C1)C1=C(OC3=CC=CC=C23)C=CC(Cl)=C1,22,28,"[#6&R](-&@[#6&R]):,-;@[#7&R]-&@[#6&R]:,-;@[#6&R]:,-;@[#6&R]:&@[#6&R]:&@[#6&R]:&@[#6&R]-,:;@[#6&R]",10,0.25
d14,d5,OC(=O)\C=C/C(O)=O.CN1CC2C(C1)C1=C(OC3=CC=CC=C23)C=CC(Cl)=C1,CC1=NN=C2CN=C(C3=CC=CC=C3)C3=C(C=CC(Cl)=C3)N12,28,22,"[#6&R](-&@[#6&R]):,-;@[#7&R]-&@[#6&R]:,-;@[#6&R]:,-;@[#6&R]:&@[#6&R]:&@[#6&R]:&@[#6&R]-,:;@[#6&R]",10,0.25
d5,d15,CC1=NN=C2CN=C(C3=CC=CC=C3)C3=C(C=CC(Cl)=C3)N12,CNCC[C@@H](OC1=CC=CC=C1C)C1=CC=CC=C1,22,19,[#6]1:&@[#6]:&@[#6]:&@[#6]:&@[#6]:&@[#6]:&@1,6,0.17142857142857143
d15,d5,CNCC[C@@H](OC1=CC=CC=C1C)C1=CC=CC=C1,CC1=NN=C2CN=C(C3=CC=CC=C3)C3=C(C=CC(Cl)=C3)N12,19,22,[#6]1:&@[#6]:&@[#6]:&@[#6]:&@[#6]:&@[#6]:&@1,6,0.17142857142857143
d5,d16,CC1=NN=C2CN=C(C3=CC=CC=C3)C3=C(C=CC(Cl)=C3)N12,NCC(CC(O)=O)C1=CC=C(Cl)C=C1,22,14,[#6]1:&@[#6]:&@[#6]:&@[#6](:&@[#6]:&@[#6]:&@1)-&!@[#17&!R],7,0.2413793103448276
d16,d5,NCC(CC(O)=O)C1=CC=C(Cl)C=C1,CC1=NN=C2CN=C(C3=CC=CC=C3)C3=C(C=CC(Cl)=C3)N12,14,22,[#6]1:&@[#6]:&@[#6]:&@[#6](:&@[#6]:&@[#6]:&@1)-&!@[#17&!R],7,0.2413793103448276
d5,d17,CC1=NN=C2CN=C(C3=CC=CC=C3)C3=C(C=CC(Cl)=C3)N12,[H][C@]12CC[C@]([H])(C[C@@]([H])(C1)OC(C1=CC=CC=C1)C1=CC=CC=C1)N2C,22,23,"[#6&R](-&@[#6&R]):,-;@[#7&R]-&@[#6&R](:,-;@[#6&R]:,-;@[#6&R]):,-;@[#6&R]:,-;@[#6&R]",8,0.21621621621621623
d17,d5,[H][C@]12CC[C@]([H])(C[C@@]([H])(C1)OC(C1=CC=CC=C1)C1=CC=CC=C1)N2C,CC1=NN=C2CN=C(C3=CC=CC=C3)C3=C(C=CC(Cl)=C3)N12,23,22,"[#6&R](-&@[#6&R]):,-;@[#7&R]-&@[#6&R](:,-;@[#6&R]:,-;@[#6&R]):,-;@[#6&R]:,-;@[#6&R]",8,0.21621621621621623
d5,d18,CC1=NN=C2CN=C(C3=CC=CC=C3)C3=C(C=CC(Cl)=C3)N12,[H][C@@]12CCCN1C(=O)[C@H](CC(C)C)N1C(=O)[C@](NC(=O)[C@H]3CN(C)[C@]4([H])CC5=C(Br)NC6=CC=CC(=C56)C4=C3)(O[C@@]21O)C(C)C,22,43,"[#6&!R]-&!@[#6&R]:,-;@[#7&R](-&@[#6&R]:,-;@[#6&R]:,-;@[#6&R]:,-;@[#6&R]:,-;@[#6&R]):,-;@[#6&R]-&@[#6&R]",10,0.18181818181818182
d18,d5,[H][C@@]12CCCN1C(=O)[C@H](CC(C)C)N1C(=O)[C@](NC(=O)[C@H]3CN(C)[C@]4([H])CC5=C(Br)NC6=CC=CC(=C56)C4=C3)(O[C@@]21O)C(C)C,CC1=NN=C2CN=C(C3=CC=CC=C3)C3=C(C=CC(Cl)=C3)N12,43,22,"[#6&!R]-&!@[#6&R]:,-;@[#7&R](-&@[#6&R]:,-;@[#6&R]:,-;@[#6&R]:,-;@[#6&R]:,-;@[#6&R]):,-;@[#6&R]-&@[#6&R]",10,0.18181818181818182
d5,d19,CC1=NN=C2CN=C(C3=CC=CC=C3)C3=C(C=CC(Cl)=C3)N12,CO[C@]12CC[C@@]3(C[C@@H]1[C@](C)(O)C(C)(C)C)[C@H]1CC4=C5C(O[C@@H]2[C@@]35CCN1CC1CC1)=C(O)C=C4,22,34,"[#6&R](-&@[#6&R]):,-;@[#7&R]-&@[#6]1:,-;@[#6](-&@[#6&R]):,-;@[#6]:,-;@[#6]:&@[#6]:,-;@[#6]:,-;@1",10,0.21739130434782608
d19,d5,CO[C@]12CC[C@@]3(C[C@@H]1[C@](C)(O)C(C)(C)C)[C@H]1CC4=C5C(O[C@@H]2[C@@]35CCN1CC1CC1)=C(O)C=C4,CC1=NN=C2CN=C(C3=CC=CC=C3)C3=C(C=CC(Cl)=C3)N12,34,22,"[#6&R](-&@[#6&R]):,-;@[#7&R]-&@[#6]1:,-;@[#6](-&@[#6&R]):,-;@[#6]:,-;@[#6]:&@[#6]:,-;@[#6]:,-;@1",10,0.21739130434782608
d5,d20,CC1=NN=C2CN=C(C3=CC=CC=C3)C3=C(C=CC(Cl)=C3)N12,CC(NC(C)(C)C)C(=O)C1=CC(Cl)=CC=C1,22,16,[#6]1:&@[#6]:&@[#6](-&!@[#17&!R]):&@[#6]:&@[#6]:&@[#6]:&@1,7,0.22580645161290322
d20,d5,CC(NC(C)(C)C)C(=O)C1=CC(Cl)=CC=C1,CC1=NN=C2CN=C(C3=CC=CC=C3)C3=C(C=CC(Cl)=C3)N12,16,22,[#6]1:&@[#6]:&@[#6](-&!@[#17&!R]):&@[#6]:&@[#6]:&@[#6]:&@1,7,0.22580645161290322
d6,d6,NC12CC3CC(CC(C3)C1)C2,NC12CC3CC(CC(C3)C1)C2,11,11,[#7&!R]-&!@[#6]12-&@[#6]-&@[#6]3-&@[#6]-&@[#6](-&@[#6]-&@1)-&@[#6]-&@[#6](-&@[#6]-&@2)-&@[#6]-&@3,11,1.0
d6,d7,NC12CC3CC(CC(C3)C1)C2,CC[N+](CC)(CCNC(=O)C(=O)NCC[N+](CC)(CC)CC1=CC=CC=C1Cl)CC1=CC=CC=C1Cl,11,36,"[#6]1-,:;@[#6]-,:;@[#6]-,:;@[#6]-,:;@[#6]-,:;@[#6]-,:;@1",6,0.14634146341463414
d7,d6,CC[N+](CC)(CCNC(=O)C(=O)NCC[N+](CC)(CC)CC1=CC=CC=C1Cl)CC1=CC=CC=C1Cl,NC12CC3CC(CC(C3)C1)C2,36,11,"[#6]1-,:;@[#6]-,:;@[#6]-,:;@[#6]-,:;@[#6]-,:;@[#6]-,:;@1",6,0.14634146341463414
d6,d8,NC12CC3CC(CC(C3)C1)C2,CN(C)CCC=C1C2=CC=CC=C2CCC2=CC=CC=C12,11,21,"[#6]1(-&@[#6&R]-&@[#6&R](-,:;@[#6&R])-,:;@[#6&R])-,:;@[#6]-,:;@[#6]-,:;@[#6]-,:;@[#6]-,:;@[#6]-,:;@1",10,0.45454545454545453
d8,d6,CN(C)CCC=C1C2=CC=CC=C2CCC2=CC=CC=C12,NC12CC3CC(CC(C3)C1)C2,21,11,"[#6]1(-&@[#6&R]-&@[#6&R](-,:;@[#6&R])-,:;@[#6&R])-,:;@[#6]-,:;@[#6]-,:;@[#6]-,:;@[#6]-,:;@[#6]-,:;@1",10,0.45454545454545453
d6,d9,NC12CC3CC(CC(C3)C1)C2,ClC1=CC2=C(OC3=CC=CC=C3N=C2N2CCNCC2)C=C1,11,22,"[#6]1(-,:;@[#6]-,:;@[#6]-,:;@[#6]-,:;@[#6]-,:;@[#6]-,:;@1)-&@[#6&R]",7,0.2692307692307692
d9,d6,ClC1=CC2=C(OC3=CC=CC=C3N=C2N2CCNCC2)C=C1,NC12CC3CC(CC(C3)C1)C2,22,11,"[#6]1(-,:;@[#6]-,:;@[#6]-,:;@[#6]-,:;@[#6]-,:;@[#6]-,:;@1)-&@[#6&R]",7,0.2692307692307692
d6,d10,NC12CC3CC(CC(C3)C1)C2,CC(N)CC1=CC=CC=C1,11,10,"[#6]1:,-;@[#6]:,-;@[#6]:,-;@[#6]:,-;@[#6]:,-;@[#6]:,-;@1",6,0.4
d10,d6,CC(N)CC1=CC=CC=C1,NC12CC3CC(CC(C3)C1)C2,10,11,"[#6]1:,-;@[#6]:,-;@[#6]:,-;@[#6]:,-;@[#6]:,-;@[#6]:,-;@1",6,0.4
d6,d11,NC12CC3CC(CC(C3)C1)C2,[H][C@]12CC3=C(C(O)=C(O)C=C3)C3=CC=CC(CCN1C)=C23,11,20,"[#6]1(-,:;@[#6]-&@[#6](-,:;@[#6&R])-,:;@[#6]-&@[#6]-&@[#6]-&@1)-,:;@[#6&R]-,:;@[#6&R]-,:;@[#6&R]",10,0.47619047619047616
d11,d6,[H][C@]12CC3=C(C(O)=C(O)C=C3)C3=CC=CC(CCN1C)=C23,NC12CC3CC(CC(C3)C1)C2,20,11,"[#6]1(-,:;@[#6]-&@[#6](-,:;@[#6&R])-,:;@[#6]-&@[#6]-&@[#6]-&@1)-,:;@[#6&R]-,:;@[#6&R]-,:;@[#6&R]",10,0.47619047619047616
d6,d12,NC12CC3CC(CC(C3)C1)C2,C[C@@H](O[C@H]1OCCN(CC2=NNC(=O)N2)[C@H]1C1=CC=C(F)C=C1)C1=CC(=CC(=C1)C(F)(F)F)C(F)(F)F,11,37,"[#6]1-,:;@[#6]-,:;@[#6]-,:;@[#6]-,:;@[#6]-,:;@[#6]-,:;@1",6,0.14285714285714285
d12,d6,C[C@@H](O[C@H]1OCCN(CC2=NNC(=O)N2)[C@H]1C1=CC=C(F)C=C1)C1=CC(=CC(=C1)C(F)(F)F)C(F)(F)F,NC12CC3CC(CC(C3)C1)C2,37,11,"[#6]1-,:;@[#6]-,:;@[#6]-,:;@[#6]-,:;@[#6]-,:;@[#6]-,:;@1",6,0.14285714285714285
d6,d13,NC12CC3CC(CC(C3)C1)C2,ClC1=CC=CC(N2CCN(CCCCOC3=CC4=C(CCC(=O)N4)C=C3)CC2)=C1Cl,11,30,"[#6]1(-,:;@[#6]-,:;@[#6]-,:;@[#6]-,:;@[#6]-,:;@[#6]-,:;@1)-&@[#6&R]-&@[#6&R]-&@[#6&R]",9,0.28125
d13,d6,ClC1=CC=CC(N2CCN(CCCCOC3=CC4=C(CCC(=O)N4)C=C3)CC2)=C1Cl,NC12CC3CC(CC(C3)C1)C2,30,11,"[#6]1(-,:;@[#6]-,:;@[#6]-,:;@[#6]-,:;@[#6]-,:;@[#6]-,:;@1)-&@[#6&R]-&@[#6&R]-&@[#6&R]",9,0.28125
d6,d14,NC12CC3CC(CC(C3)C1)C2,OC(=O)\C=C/C(O)=O.CN1CC2C(C1)C1=C(OC3=CC=CC=C23)C=CC(Cl)=C1,11,28,"[#6]1(-&@[#6&R]-&@[#6&R](-&@[#6&R])-&@[#6&R])-,:;@[#6]-,:;@[#6]-,:;@[#6]-,:;@[#6]-,:;@[#6]-,:;@1",10,0.3448275862068966
d14,d6,OC(=O)\C=C/C(O)=O.CN1CC2C(C1)C1=C(OC3=CC=CC=C23)C=CC(Cl)=C1,NC12CC3CC(CC(C3)C1)C2,28,11,"[#6]1(-&@[#6&R]-&@[#6&R](-&@[#6&R])-&@[#6&R])-,:;@[#6]-,:;@[#6]-,:;@[#6]-,:;@[#6]-,:;@[#6]-,:;@1",10,0.3448275862068966
d6,d15,NC12CC3CC(CC(C3)C1)C2,CNCC[C@@H](OC1=CC=CC=C1C)C1=CC=CC=C1,11,19,"[#6]1-,:;@[#6]-,:;@[#6]-,:;@[#6]-,:;@[#6]-,:;@[#6]-,:;@1",6,0.25
d15,d6,CNCC[C@@H](OC1=CC=CC=C1C)C1=CC=CC=C1,NC12CC3CC(CC(C3)C1)C2,19,11,"[#6]1-,:;@[#6]-,:;@[#6]-,:;@[#6]-,:;@[#6]-,:;@[#6]-,:;@1",6,0.25
d6,d16,NC12CC3CC(CC(C3)C1)C2,NCC(CC(O)=O)C1=CC=C(Cl)C=C1,11,14,"[#6]1-,:;@[#6]-,:;@[#6]-,:;@[#6]-,:;@[#6]-,:;@[#6]-,:;@1",6,0.3157894736842105
d16,d6,NCC(CC(O)=O)C1=CC=C(Cl)C=C1,NC12CC3CC(CC(C3)C1)C2,14,11,"[#6]1-,:;@[#6]-,:;@[#6]-,:;@[#6]-,:;@[#6]-,:;@[#6]-,:;@1",6,0.3157894736842105
d6,d17,NC12CC3CC(CC(C3)C1)C2,[H][C@]12CC[C@]([H])(C[C@@]([H])(C1)OC(C1=CC=CC=C1)C1=CC=CC=C1)N2C,11,23,[#6&R](-&@[#6&R]-&@[#6&R]-&@[#6&R])-&@[#6&R]-&@[#6&R]-&@[#6&R],7,0.25925925925925924
d17,d6,[H][C@]12CC[C@]([H])(C[C@@]([H])(C1)OC(C1=CC=CC=C1)C1=CC=CC=C1)N2C,NC12CC3CC(CC(C3)C1)C2,23,11,[#6&R](-&@[#6&R]-&@[#6&R]-&@[#6&R])-&@[#6&R]-&@[#6&R]-&@[#6&R],7,0.25925925925925924
d6,d18,NC12CC3CC(CC(C3)C1)C2,[H][C@@]12CCCN1C(=O)[C@H](CC(C)C)N1C(=O)[C@](NC(=O)[C@H]3CN(C)[C@]4([H])CC5=C(Br)NC6=CC=CC(=C56)C4=C3)(O[C@@]21O)C(C)C,11,43,"[#6]1(-,:;@[#6]-,:;@[#6](-,:;@[#6&R])-&@[#6]-&@[#6]-&@[#6]-&@1)-,:;@[#6&R]-,:;@[#6&R]-,:;@[#6&R]",10,0.22727272727272727
d18,d6,[H][C@@]12CCCN1C(=O)[C@H](CC(C)C)N1C(=O)[C@](NC(=O)[C@H]3CN(C)[C@]4([H])CC5=C(Br)NC6=CC=CC(=C56)C4=C3)(O[C@@]21O)C(C)C,NC12CC3CC(CC(C3)C1)C2,43,11,"[#6]1(-,:;@[#6]-,:;@[#6](-,:;@[#6&R])-&@[#6]-&@[#6]-&@[#6]-&@1)-,:;@[#6&R]-,:;@[#6&R]-,:;@[#6&R]",10,0.22727272727272727
d6,d19,NC12CC3CC(CC(C3)C1)C2,CO[C@]12CC[C@@]3(C[C@@H]1[C@](C)(O)C(C)(C)C)[C@H]1CC4=C5C(O[C@@H]2[C@@]35CCN1CC1CC1)=C(O)C=C4,11,34,"[#6]1(-&@[#6]-&@[#6](-,:;@[#6&R])-,:;@[#6]-&@[#6]-&@[#6]-&@1)-&@[#6&R]-&@[#6&R]-&@[#6&R]",10,0.2857142857142857
d19,d6,CO[C@]12CC[C@@]3(C[C@@H]1[C@](C)(O)C(C)(C)C)[C@H]1CC4=C5C(O[C@@H]2[C@@]35CCN1CC1CC1)=C(O)C=C4,NC12CC3CC(CC(C3)C1)C2,34,11,"[#6]1(-&@[#6]-&@[#6](-,:;@[#6&R])-,:;@[#6]-&@[#6]-&@[#6]-&@1)-&@[#6&R]-&@[#6&R]-&@[#6&R]",10,0.2857142857142857
d6,d20,NC12CC3CC(CC(C3)C1)C2,CC(NC(C)(C)C)C(=O)C1=CC(Cl)=CC=C1,11,16,"[#6]1-,:;@[#6]-,:;@[#6]-,:;@[#6]-,:;@[#6]-,:;@[#6]-,:;@1",6,0.2857142857142857
d20,d6,CC(NC(C)(C)C)C(=O)C1=CC(Cl)=CC=C1,NC12CC3CC(CC(C3)C1)C2,16,11,"[#6]1-,:;@[#6]-,:;@[#6]-,:;@[#6]-,:;@[#6]-,:;@[#6]-,:;@1",6,0.2857142857142857
d7,d7,CC[N+](CC)(CCNC(=O)C(=O)NCC[N+](CC)(CC)CC1=CC=CC=C1Cl)CC1=CC=CC=C1Cl,CC[N+](CC)(CCNC(=O)C(=O)NCC[N+](CC)(CC)CC1=CC=CC=C1Cl)CC1=CC=CC=C1Cl,36,36,[#6&!R]-&!@[#6&!R]-&!@[#7&!R](-&!@[#6&!R]-&!@[#6&!R])(-&!@[#6&!R]-&!@[#6&!R]-&!@[#7&!R]-&!@[#6&!R](=&!@[#8&!R])-&!@[#6&!R](=&!@[#8&!R])-&!@[#7&!R]-&!@[#6&!R]-&!@[#6&!R]-&!@[#7&!R](-&!@[#6&!R]-&!@[#6&!R])(-&!@[#6&!R]-&!@[#6&!R])-&!@[#6&!R]-&!@[#6]1:&@[#6]:&@[#6]:&@[#6]:&@[#6]:&@[#6]:&@1-&!@[#17&!R])-&!@[#6&!R]-&!@[#6]1:&@[#6]:&@[#6]:&@[#6]:&@[#6]:&@[#6]:&@1-&!@[#17&!R],36,1.0
d7,d8,CC[N+](CC)(CCNC(=O)C(=O)NCC[N+](CC)(CC)CC1=CC=CC=C1Cl)CC1=CC=CC=C1Cl,CN(C)CCC=C1C2=CC=CC=C2CCC2=CC=CC=C12,36,21,[#6]1:&@[#6]:&@[#6]:&@[#6]:&@[#6]:&@[#6]:&@1,6,0.11764705882352941
d8,d7,CN(C)CCC=C1C2=CC=CC=C2CCC2=CC=CC=C12,CC[N+](CC)(CCNC(=O)C(=O)NCC[N+](CC)(CC)CC1=CC=CC=C1Cl)CC1=CC=CC=C1Cl,21,36,[#6]1:&@[#6]:&@[#6]:&@[#6]:&@[#6]:&@[#6]:&@1,6,0.11764705882352941
d7,d9,CC[N+](CC)(CCNC(=O)C(=O)NCC[N+](CC)(CC)CC1=CC=CC=C1Cl)CC1=CC=CC=C1Cl,ClC1=CC2=C(OC3=CC=CC=C3N=C2N2CCNCC2)C=C1,36,22,[#17&!R]-&!@[#6]1:&@[#6]:&@[#6]:&@[#6]:&@[#6]:&@[#6]:&@1,7,0.13725490196078433
d9,d7,ClC1=CC2=C(OC3=CC=CC=C3N=C2N2CCNCC2)C=C1,CC[N+](CC)(CCNC(=O)C(=O)NCC[N+](CC)(CC)CC1=CC=CC=C1Cl)CC1=CC=CC=C1Cl,22,36,[#17&!R]-&!@[#6]1:&@[#6]:&@[#6]:&@[#6]:&@[#6]:&@[#6]:&@1,7,0.13725490196078433
d7,d10,CC[N+](CC)(CCNC(=O)C(=O)NCC[N+](CC)(CC)CC1=CC=CC=C1Cl)CC1=CC=CC=C1Cl,CC(N)CC1=CC=CC=C1,36,10,[#6&!R]-&!@[#6]1:&@[#6]:&@[#6]:&@[#6]:&@[#6]:&@[#6]:&@1,7,0.1794871794871795
d10,d7,CC(N)CC1=CC=CC=C1,CC[N+](CC)(CCNC(=O)C(=O)NCC[N+](CC)(CC)CC1=CC=CC=C1Cl)CC1=CC=CC=C1Cl,10,36,[#6&!R]-&!@[#6]1:&@[#6]:&@[#6]:&@[#6]:&@[#6]:&@[#6]:&@1,7,0.1794871794871795
d7,d11,CC[N+](CC)(CCNC(=O)C(=O)NCC[N+](CC)(CC)CC1=CC=CC=C1Cl)CC1=CC=CC=C1Cl,[H][C@]12CC3=C(C(O)=C(O)C=C3)C3=CC=CC(CCN1C)=C23,36,20,"[#6]1-,:;@[#6]-,:;@[#6]:&@[#6]-,:;@[#6]:&@[#6]-,:;@1",6,0.12
d11,d7,[H][C@]12CC3=C(C(O)=C(O)C=C3)C3=CC=CC(CCN1C)=C23,CC[N+](CC)(CCNC(=O)C(=O)NCC[N+](CC)(CC)CC1=CC=CC=C1Cl)CC1=CC=CC=C1Cl,20,36,"[#6]1-,:;@[#6]-,:;@[#6]:&@[#6]-,:;@[#6]:&@[#6]-,:;@1",6,0.12
d7,d12,CC[N+](CC)(CCNC(=O)C(=O)NCC[N+](CC)(CC)CC1=CC=CC=C1Cl)CC1=CC=CC=C1Cl,C[C@@H](O[C@H]1OCCN(CC2=NNC(=O)N2)[C@H]1C1=CC=C(F)C=C1)C1=CC(=CC(=C1)C(F)(F)F)C(F)(F)F,36,37,[#6&!R]-&!@[#6]1:&@[#6]:&@[#6]:&@[#6]:&@[#6]:&@[#6]:&@1,7,0.10606060606060606
d12,d7,C[C@@H](O[C@H]1OCCN(CC2=NNC(=O)N2)[C@H]1C1=CC=C(F)C=C1)C1=CC(=CC(=C1)C(F)(F)F)C(F)(F)F,CC[N+](CC)(CCNC(=O)C(=O)NCC[N+](CC)(CC)CC1=CC=CC=C1Cl)CC1=CC=CC=C1Cl,37,36,[#6&!R]-&!@[#6]1:&@[#6]:&@[#6]:&@[#6]:&@[#6]:&@[#6]:&@1,7,0.10606060606060606
d7,d13,CC[N+](CC)(CCNC(=O)C(=O)NCC[N+](CC)(CC)CC1=CC=CC=C1Cl)CC1=CC=CC=C1Cl,ClC1=CC=CC(N2CCN(CCCCOC3=CC4=C(CCC(=O)N4)C=C3)CC2)=C1Cl,36,30,[#17&!R]-&!@[#6]1:&@[#6]:&@[#6]:&@[#6]:&@[#6]:&@[#6]:&@1,7,0.11864406779661017
d13,d7,ClC1=CC=CC(N2CCN(CCCCOC3=CC4=C(CCC(=O)N4)C=C3)CC2)=C1Cl,CC[N+](CC)(CCNC(=O)C(=O)NCC[N+](CC)(CC)CC1=CC=CC=C1Cl)CC1=CC=CC=C1Cl,30,36,[#17&!R]-&!@[#6]1:&@[#6]:&@[#6]:&@[#6]:&@[#6]:&@[#6]:&@1,7,0.11864406779661017
d7,d14,CC[N+](CC)(CCNC(=O)C(=O)NCC[N+](CC)(CC)CC1=CC=CC=C1Cl)CC1=CC=CC=C1Cl,OC(=O)\C=C/C(O)=O.CN1CC2C(C1)C1=C(OC3=CC=CC=C23)C=CC(Cl)=C1,36,28,[#6]1:&@[#6]:&@[#6]:&@[#6]:&@[#6](:&@[#6]:&@1)-&!@[#17&!R],7,0.12280701754385964
d14,d7,OC(=O)\C=C/C(O)=O.CN1CC2C(C1)C1=C(OC3=CC=CC=C23)C=CC(Cl)=C1,CC[N+](CC)(CCNC(=O)C(=O)NCC[N+](CC)(CC)CC1=CC=CC=C1Cl)CC1=CC=CC=C1Cl,28,36,[#6]1:&@[#6]:&@[#6]:&@[#6]:&@[#6](:&@[#6]:&@1)-&!@[#17&!R],7,0.12280701754385964
d7,d15,CC[N+](CC)(CCNC(=O)C(=O)NCC[N+](CC)(CC)CC1=CC=CC=C1Cl)CC1=CC=CC=C1Cl,CNCC[C@@H](OC1=CC=CC=C1C)C1=CC=CC=C1,36,19,[#6]1:&@[#6]:&@[#6]:&@[#6]:&@[#6]:&@[#6]:&@1-&!@[#6&!R],7,0.14583333333333334
d15,d7,CNCC[C@@H](OC1=CC=CC=C1C)C1=CC=CC=C1,CC[N+](CC)(CCNC(=O)C(=O)NCC[N+](CC)(CC)CC1=CC=CC=C1Cl)CC1=CC=CC=C1Cl,19,36,[#6]1:&@[#6]:&@[#6]:&@[#6]:&@[#6]:&@[#6]:&@1-&!@[#6&!R],7,0.14583333333333334
d7,d16,CC[N+](CC)(CCNC(=O)C(=O)NCC[N+](CC)(CC)CC1=CC=CC=C1Cl)CC1=CC=CC=C1Cl,NCC(CC(O)=O)C1=CC=C(Cl)C=C1,36,14,[#6&!R]-&!@[#6]1:&@[#6]:&@[#6]:&@[#6]:&@[#6]:&@[#6]:&@1,7,0.16279069767441862
d16,d7,NCC(CC(O)=O)C1=CC=C(Cl)C=C1,CC[N+](CC)(CCNC(=O)C(=O)NCC[N+](CC)(CC)CC1=CC=CC=C1Cl)CC1=CC=CC=C1Cl,14,36,[#6&!R]-&!@[#6]1:&@[#6]:&@[#6]:&@[#6]:&@[#6]:&@[#6]:&@1,7,0.16279069767441862
d7,d17,CC[N+](CC)(CCNC(=O)C(=O)NCC[N+](CC)(CC)CC1=CC=CC=C1Cl)CC1=CC=CC=C1Cl,[H][C@]12CC[C@]([H])(C[C@@]([H])(C1)OC(C1=CC=CC=C1)C1=CC=CC=C1)N2C,36,23,[#6&!R]-&!@[#6]1:&@[#6]:&@[#6]:&@[#6]:&@[#6]:&@[#6]:&@1,7,0.1346153846153846
d17,d7,[H][C@]12CC[C@]([H])(C[C@@]([H])(C1)OC(C1=CC=CC=C1)C1=CC=CC=C1)N2C,CC[N+](CC)(CCNC(=O)C(=O)NCC[N+](CC)(CC)CC1=CC=CC=C1Cl)CC1=CC=CC=C1Cl,23,36,[#6&!R]-&!@[#6]1:&@[#6]:&@[#6]:&@[#6]:&@[#6]:&@[#6]:&@1,7,0.1346153846153846
d7,d18,CC[N+](CC)(CCNC(=O)C(=O)NCC[N+](CC)(CC)CC1=CC=CC=C1Cl)CC1=CC=CC=C1Cl,[H][C@@]12CCCN1C(=O)[C@H](CC(C)C)N1C(=O)[C@](NC(=O)[C@H]3CN(C)[C@]4([H])CC5=C(Br)NC6=CC=CC(=C56)C4=C3)(O[C@@]21O)C(C)C,36,43,"[#6]1:,-;@[#6]:,-;@[#6]:&@[#6]:&@[#6]:,-;@[#6]:,-;@1",6,0.0821917808219178
d18,d7,[H][C@@]12CCCN1C(=O)[C@H](CC(C)C)N1C(=O)[C@](NC(=O)[C@H]3CN(C)[C@]4([H])CC5=C(Br)NC6=CC=CC(=C56)C4=C3)(O[C@@]21O)C(C)C,CC[N+](CC)(CCNC(=O)C(=O)NCC[N+](CC)(CC)CC1=CC=CC=C1Cl)CC1=CC=CC=C1Cl,43,36,"[#6]1:,-;@[#6]:,-;@[#6]:&@[#6]:&@[#6]:,-;@[#6]:,-;@1",6,0.0821917808219178
d7,d19,CC[N+](CC)(CCNC(=O)C(=O)NCC[N+](CC)(CC)CC1=CC=CC=C1Cl)CC1=CC=CC=C1Cl,CO[C@]12CC[C@@]3(C[C@@H]1[C@](C)(O)C(C)(C)C)[C@H]1CC4=C5C(O[C@@H]2[C@@]35CCN1CC1CC1)=C(O)C=C4,36,34,"[#6&!R]-&!@[#6]1:,-;@[#6]:,-;@[#6]:,-;@[#6]:,-;@[#6]:,-;@[#6]:,-;@1",7,0.1111111111111111
d19,d7,CO[C@]12CC[C@@]3(C[C@@H]1[C@](C)(O)C(C)(C)C)[C@H]1CC4=C5C(O[C@@H]2[C@@]35CCN1CC1CC1)=C(O)C=C4,CC[N+](CC)(CCNC(=O)C(=O)NCC[N+](CC)(CC)CC1=CC=CC=C1Cl)CC1=CC=CC=C1Cl,34,36,"[#6&!R]-&!@[#6]1:,-;@[#6]:,-;@[#6]:,-;@[#6]:,-;@[#6]:,-;@[#6]:,-;@1",7,0.1111111111111111
d7,d20,CC[N+](CC)(CCNC(=O)C(=O)NCC[N+](CC)(CC)CC1=CC=CC=C1Cl)CC1=CC=CC=C1Cl,CC(NC(C)(C)C)C(=O)C1=CC(Cl)=CC=C1,36,16,[#6&!R]-&!@[#6]1:&@[#6]:&@[#6]:&@[#6]:&@[#6]:&@[#6]:&@1,7,0.15555555555555556
d20,d7,CC(NC(C)(C)C)C(=O)C1=CC(Cl)=CC=C1,CC[N+](CC)(CCNC(=O)C(=O)NCC[N+](CC)(CC)CC1=CC=CC=C1Cl)CC1=CC=CC=C1Cl,16,36,[#6&!R]-&!@[#6]1:&@[#6]:&@[#6]:&@[#6]:&@[#6]:&@[#6]:&@1,7,0.15555555555555556
d8,d8,CN(C)CCC=C1C2=CC=CC=C2CCC2=CC=CC=C12,CN(C)CCC=C1C2=CC=CC=C2CCC2=CC=CC=C12,21,21,[#6&!R]-&!@[#7&!R](-&!@[#6&!R])-&!@[#6&!R]-&!@[#6&!R]-&!@[#6&!R]=&!@[#6]1-&@[#6]2:&@[#6]:&@[#6]:&@[#6]:&@[#6]:&@[#6]:&@2-&@[#6]-&@[#6]-&@[#6]2:&@[#6]-&@1:&@[#6]:&@[#6]:&@[#6]:&@[#6]:&@2,21,1.0
d8,d9,CN(C)CCC=C1C2=CC=CC=C2CCC2=CC=CC=C12,ClC1=CC2=C(OC3=CC=CC=C3N=C2N2CCNCC2)C=C1,21,22,[#6&R]-&@[#6]1:&@[#6]:&@[#6]:&@[#6]:&@[#6]:&@[#6]:&@1,7,0.19444444444444445
d9,d8,ClC1=CC2=C(OC3=CC=CC=C3N=C2N2CCNCC2)C=C1,CN(C)CCC=C1C2=CC=CC=C2CCC2=CC=CC=C12,22,21,[#6&R]-&@[#6]1:&@[#6]:&@[#6]:&@[#6]:&@[#6]:&@[#6]:&@1,7,0.19444444444444445
d8,d10,CN(C)CCC=C1C2=CC=CC=C2CCC2=CC=CC=C12,CC(N)CC1=CC=CC=C1,21,10,[#6]1:&@[#6]:&@[#6]:&@[#6]:&@[#6]:&@[#6]:&@1,6,0.24
d10,d8,CC(N)CC1=CC=CC=C1,CN(C)CCC=C1C2=CC=CC=C2CCC2=CC=CC=C12,10,21,[#6]1:&@[#6]:&@[#6]:&@[#6]:&@[#6]:&@[#6]:&@1,6,0.24
d8,d11,CN(C)CCC=C1C2=CC=CC=C2CCC2=CC=CC=C12,[H][C@]12CC3=C(C(O)=C(O)C=C3)C3=CC=CC(CCN1C)=C23,21,20,[#6&R]-&@[#6]1:&@[#6]:&@[#6]:&@[#6]:&@[#6]:&@[#6]:&@1-&@[#6&R]-&@[#6&R]-&@[#6]1:&@[#6]:&@[#6]:&@[#6]:&@[#6]:&@[#6]:&@1,15,0.5769230769230769
d11,d8,[H][C@]12CC3=C(C(O)=C(O)C=C3)C3=CC=CC(CCN1C)=C23,CN(C)CCC=C1C2=CC=CC=C2CCC2=CC=CC=C12,20,21,[#6&R]-&@[#6]1:&@[#6]:&@[#6]:&@[#6]:&@[#6]:&@[#6]:&@1-&@[#6&R]-&@[#6&R]-&@[#6]1:&@[#6]:&@[#6]:&@[#6]:&@[#6]:&@[#6]:&@1,15,0.5769230769230769
d8,d12,CN(C)CCC=C1C2=CC=CC=C2CCC2=CC=CC=C12,C[C@@H](O[C@H]1OCCN(CC2=NNC(=O)N2)[C@H]1C1=CC=C(F)C=C1)C1=CC(=CC(=C1)C(F)(F)F)C(F)(F)F,21,37,[#6]1:&@[#6]:&@[#6]:&@[#6]:&@[#6]:&@[#6]:&@1,6,0.11538461538461539
d12,d8,C[C@@H](O[C@H]1OCCN(CC2=NNC(=O)N2)[C@H]1C1=CC=C(F)C=C1)C1=CC(=CC(=C1)C(F)(F)F)C(F)(F)F,CN(C)CCC=C1C2=CC=CC=C2CCC2=CC=CC=C12,37,21,[#6]1:&@[#6]:&@[#6]:&@[#6]:&@[#6]:&@[#6]:&@1,6,0.11538461538461539
d8,d13,CN(C)CCC=C1C2=CC=CC=C2CCC2=CC=CC=C12,ClC1=CC=CC(N2CCN(CCCCOC3=CC4=C(CCC(=O)N4)C=C3)CC2)=C1Cl,21,30,"[#6&R](-&@[#6]1:&@[#6]:&@[#6]:&@[#6]:&@[#6]:&@[#6]:&@1)-&@[#6&R]:,-;@[#6&R]",9,0.21428571428571427
d13,d8,ClC1=CC=CC(N2CCN(CCCCOC3=CC4=C(CCC(=O)N4)C=C3)CC2)=C1Cl,CN(C)CCC=C1C2=CC=CC=C2CCC2=CC=CC=C12,30,21,"[#6&R](-&@[#6]1:&@[#6]:&@[#6]:&@[#6]:&@[#6]:&@[#6]:&@1)-&@[#6&R]:,-;@[#6&R]",9,0.21428571428571427
d8,d14,CN(C)CCC=C1C2=CC=CC=C2CCC2=CC=CC=C12,OC(=O)\C=C/C(O)=O.CN1CC2C(C1)C1=C(OC3=CC=CC=C23)C=CC(Cl)=C1,21,28,"[#6&R](-&@[#6&R](:,-;@[#6&R]):,-;@[#6&R](:&@[#6&R]:&@[#6&R]:&@[#6&R])-,:;@[#6&R]-,:;@[#6&R])-&@[#6]1:&@[#6]:&@[#6]:&@[#6]:&@[#6]:&@[#6]:&@1",15,0.4411764705882353
d14,d8,OC(=O)\C=C/C(O)=O.CN1CC2C(C1)C1=C(OC3=CC=CC=C23)C=CC(Cl)=C1,CN(C)CCC=C1C2=CC=CC=C2CCC2=CC=CC=C12,28,21,"[#6&R](-&@[#6&R](:,-;@[#6&R]):,-;@[#6&R](:&@[#6&R]:&@[#6&R]:&@[#6&R])-,:;@[#6&R]-,:;@[#6&R])-&@[#6]1:&@[#6]:&@[#6]:&@[#6]:&@[#6]:&@[#6]:&@1",15,0.4411764705882353
d8,d15,CN(C)CCC=C1C2=CC=CC=C2CCC2=CC=CC=C12,CNCC[C@@H](OC1=CC=CC=C1C)C1=CC=CC=C1,21,19,[#6]1:&@[#6]:&@[#6]:&@[#6]:&@[#6]:&@[#6]:&@1,6,0.17647058823529413
d15,d8,CNCC[C@@H](OC1=CC=CC=C1C)C1=CC=CC=C1,CN(C)CCC=C1C2=CC=CC=C2CCC2=CC=CC=C12,19,21,[#6]1:&@[#6]:&@[#6]:&@[#6]:&@[#6]:&@[#6]:&@1,6,0.17647058823529413
d8,d16,CN(C)CCC=C1C2=CC=CC=C2CCC2=CC=CC=C12,NCC(CC(O)=O)C1=CC=C(Cl)C=C1,21,14,[#6]1:&@[#6]:&@[#6]:&@[#6]:&@[#6]:&@[#6]:&@1,6,0.20689655172413793
d16,d8,NCC(CC(O)=O)C1=CC=C(Cl)C=C1,CN(C)CCC=C1C2=CC=CC=C2CCC2=CC=CC=C12,14,21,[#6]1:&@[#6]:&@[#6]:&@[#6]:&@[#6]:&@[#6]:&@1,6,0.20689655172413793
d8,d17,CN(C)CCC=C1C2=CC=CC=C2CCC2=CC=CC=C12,[H][C@]12CC[C@]([H])(C[C@@]([H])(C1)OC(C1=CC=CC=C1)C1=CC=CC=C1)N2C,21,23,"[#6]1-&@[#6]:,-;@[#6]-&@[#6]-&@[#6]-&@[#6]:,-;@[#6]-&@1",7,0.1891891891891892
d17,d8,[H][C@]12CC[C@]([H])(C[C@@]([H])(C1)OC(C1=CC=CC=C1)C1=CC=CC=C1)N2C,CN(C)CCC=C1C2=CC=CC=C2CCC2=CC=CC=C12,23,21,"[#6]1-&@[#6]:,-;@[#6]-&@[#6]-&@[#6]-&@[#6]:,-;@[#6]-&@1",7,0.1891891891891892
d8,d18,CN(C)CCC=C1C2=CC=CC=C2CCC2=CC=CC=C12,[H][C@@]12CCCN1C(=O)[C@H](CC(C)C)N1C(=O)[C@](NC(=O)[C@H]3CN(C)[C@]4([H])CC5=C(Br)NC6=CC=CC(=C56)C4=C3)(O[C@@]21O)C(C)C,21,43,"[#6&R](-&@[#6]1:&@[#6]:&@[#6]:&@[#6]:&@[#6]:&@[#6]:&@1-,:;@[#6&R]-,:;@[#6&R])-&@[#6&R]:,-;@[#6&R]",11,0.20754716981132076
d18,d8,[H][C@@]12CCCN1C(=O)[C@H](CC(C)C)N1C(=O)[C@](NC(=O)[C@H]3CN(C)[C@]4([H])CC5=C(Br)NC6=CC=CC(=C56)C4=C3)(O[C@@]21O)C(C)C,CN(C)CCC=C1C2=CC=CC=C2CCC2=CC=CC=C12,43,21,"[#6&R](-&@[#6]1:&@[#6]:&@[#6]:&@[#6]:&@[#6]:&@[#6]:&@1-,:;@[#6&R]-,:;@[#6&R])-&@[#6&R]:,-;@[#6&R]",11,0.20754716981132076
d8,d19,CN(C)CCC=C1C2=CC=CC=C2CCC2=CC=CC=C12,CO[C@]12CC[C@@]3(C[C@@H]1[C@](C)(O)C(C)(C)C)[C@H]1CC4=C5C(O[C@@H]2[C@@]35CCN1CC1CC1)=C(O)C=C4,21,34,"[#6&R](-&@[#6]1:&@[#6]:&@[#6]:&@[#6]:&@[#6]:&@[#6]:&@1-&@[#6&R]-&@[#6&R])-&@[#6]1:,-;@[#6]:,-;@[#6]:,-;@[#6]:,-;@[#6]:,-;@[#6]:,-;@1",15,0.375
d19,d8,CO[C@]12CC[C@@]3(C[C@@H]1[C@](C)(O)C(C)(C)C)[C@H]1CC4=C5C(O[C@@H]2[C@@]35CCN1CC1CC1)=C(O)C=C4,CN(C)CCC=C1C2=CC=CC=C2CCC2=CC=CC=C12,34,21,"[#6&R](-&@[#6]1:&@[#6]:&@[#6]:&@[#6]:&@[#6]:&@[#6]:&@1-&@[#6&R]-&@[#6&R])-&@[#6]1:,-;@[#6]:,-;@[#6]:,-;@[#6]:,-;@[#6]:,-;@[#6]:,-;@1",15,0.375
d8,d20,CN(C)CCC=C1C2=CC=CC=C2CCC2=CC=CC=C12,CC(NC(C)(C)C)C(=O)C1=CC(Cl)=CC=C1,21,16,[#6]1:&@[#6]:&@[#6]:&@[#6]:&@[#6]:&@[#6]:&@1,6,0.1935483870967742
d20,d8,CC(NC(C)(C)C)C(=O)C1=CC(Cl)=CC=C1,CN(C)CCC=C1C2=CC=CC=C2CCC2=CC=CC=C12,16,21,[#6]1:&@[#6]:&@[#6]:&@[#6]:&@[#6]:&@[#6]:&@1,6,0.1935483870967742
d9,d9,ClC1=CC2=C(OC3=CC=CC=C3N=C2N2CCNCC2)C=C1,ClC1=CC2=C(OC3=CC=CC=C3N=C2N2CCNCC2)C=C1,22,22,[#17&!R]-&!@[#6]1:&@[#6]:&@[#6]2:&@[#6](:&@[#6]:&@[#6]:&@1)-&@[#8]-&@[#6]1:&@[#6](-&@[#7]=&@[#6]-&@2-&!@[#7]2-&@[#6]-&@[#6]-&@[#7]-&@[#6]-&@[#6]-&@2):&@[#6]:&@[#6]:&@[#6]:&@[#6]:&@1,22,1.0
d9,d10,ClC1=CC2=C(OC3=CC=CC=C3N=C2N2CCNCC2)C=C1,CC(N)CC1=CC=CC=C1,22,10,[#6]1:&@[#6]:&@[#6]:&@[#6]:&@[#6]:&@[#6]:&@1,6,0.23076923076923078
d10,d9,CC(N)CC1=CC=CC=C1,ClC1=CC2=C(OC3=CC=CC=C3N=C2N2CCNCC2)C=C1,10,22,[#6]1:&@[#6]:&@[#6]:&@[#6]:&@[#6]:&@[#6]:&@1,6,0.23076923076923078
d9,d11,ClC1=CC2=C(OC3=CC=CC=C3N=C2N2CCNCC2)C=C1,[H][C@]12CC3=C(C(O)=C(O)C=C3)C3=CC=CC(CCN1C)=C23,22,20,"[#6]1(-,:;@[#6]-,:;@[#6]:&@[#6]-,:;@[#6]:&@[#6]-,:;@1)-&@[#7&R]",7,0.2
d11,d9,[H][C@]12CC3=C(C(O)=C(O)C=C3)C3=CC=CC(CCN1C)=C23,ClC1=CC2=C(OC3=CC=CC=C3N=C2N2CCNCC2)C=C1,20,22,"[#6]1(-,:;@[#6]-,:;@[#6]:&@[#6]-,:;@[#6]:&@[#6]-,:;@1)-&@[#7&R]",7,0.2
d9,d12,ClC1=CC2=C(OC3=CC=CC=C3N=C2N2CCNCC2)C=C1,C[C@@H](O[C@H]1OCCN(CC2=NNC(=O)N2)[C@H]1C1=CC=C(F)C=C1)C1=CC(=CC(=C1)C(F)(F)F)C(F)(F)F,22,37,[#6]1:&@[#6]:&@[#6]:&@[#6]:&@[#6]:&@[#6]:&@1,6,0.11320754716981132
d12,d9,C[C@@H](O[C@H]1OCCN(CC2=NNC(=O)N2)[C@H]1C1=CC=C(F)C=C1)C1=CC(=CC(=C1)C(F)(F)F)C(F)(F)F,ClC1=CC2=C(OC3=CC=CC=C3N=C2N2CCNCC2)C=C1,37,22,[#6]1:&@[#6]:&@[#6]:&@[#6]:&@[#6]:&@[#6]:&@1,6,0.11320754716981132
d9,d13,ClC1=CC2=C(OC3=CC=CC=C3N=C2N2CCNCC2)C=C1,ClC1=CC=CC(N2CCN(CCCCOC3=CC4=C(CCC(=O)N4)C=C3)CC2)=C1Cl,22,30,"[#17&!R]-&!@[#6&R]:&@[#6&R]:&@[#6&R]:&@[#6&R]:&@[#6&R]-,:;@[#6&R]-&!@[#7]1-&@[#6]-&@[#6]-&@[#7]-&@[#6]-&@[#6]-&@1",13,0.3333333333333333
d13,d9,ClC1=CC=CC(N2CCN(CCCCOC3=CC4=C(CCC(=O)N4)C=C3)CC2)=C1Cl,ClC1=CC2=C(OC3=CC=CC=C3N=C2N2CCNCC2)C=C1,30,22,"[#17&!R]-&!@[#6&R]:&@[#6&R]:&@[#6&R]:&@[#6&R]:&@[#6&R]-,:;@[#6&R]-&!@[#7]1-&@[#6]-&@[#6]-&@[#7]-&@[#6]-&@[#6]-&@1",13,0.3333333333333333
d9,d14,ClC1=CC2=C(OC3=CC=CC=C3N=C2N2CCNCC2)C=C1,OC(=O)\C=C/C(O)=O.CN1CC2C(C1)C1=C(OC3=CC=CC=C23)C=CC(Cl)=C1,22,28,[#17&!R]-&!@[#6]1:&@[#6]:&@[#6](:&@[#6](:&@[#6]:&@[#6]:&@1)-&@[#8&R]-&@[#6]1:&@[#6]:&@[#6]:&@[#6]:&@[#6]:&@[#6]:&@1)-&@[#6&R],15,0.42857142857142855
d14,d9,OC(=O)\C=C/C(O)=O.CN1CC2C(C1)C1=C(OC3=CC=CC=C23)C=CC(Cl)=C1,ClC1=CC2=C(OC3=CC=CC=C3N=C2N2CCNCC2)C=C1,28,22,[#17&!R]-&!@[#6]1:&@[#6]:&@[#6](:&@[#6](:&@[#6]:&@[#6]:&@1)-&@[#8&R]-&@[#6]1:&@[#6]:&@[#6]:&@[#6]:&@[#6]:&@[#6]:&@1)-&@[#6&R],15,0.42857142857142855
d9,d15,ClC1=CC2=C(OC3=CC=CC=C3N=C2N2CCNCC2)C=C1,CNCC[C@@H](OC1=CC=CC=C1C)C1=CC=CC=C1,22,19,[#6]1:&@[#6]:&@[#6]:&@[#6]:&@[#6]:&@[#6]:&@1,6,0.17142857142857143
d15,d9,CNCC[C@@H](OC1=CC=CC=C1C)C1=CC=CC=C1,ClC1=CC2=C(OC3=CC=CC=C3N=C2N2CCNCC2)C=C1,19,22,[#6]1:&@[#6]:&@[#6]:&@[#6]:&@[#6]:&@[#6]:&@1,6,0.17142857142857143
d9,d16,ClC1=CC2=C(OC3=CC=CC=C3N=C2N2CCNCC2)C=C1,NCC(CC(O)=O)C1=CC=C(Cl)C=C1,22,14,[#6]1:&@[#6]:&@[#6]:&@[#6](:&@[#6]:&@[#6]:&@1)-&!@[#17&!R],7,0.2413793103448276
d16,d9,NCC(CC(O)=O)C1=CC=C(Cl)C=C1,ClC1=CC2=C(OC3=CC=CC=C3N=C2N2CCNCC2)C=C1,14,22,[#6]1:&@[#6]:&@[#6]:&@[#6](:&@[#6]:&@[#6]:&@1)-&!@[#17&!R],7,0.2413793103448276
d9,d17,ClC1=CC2=C(OC3=CC=CC=C3N=C2N2CCNCC2)C=C1,[H][C@]12CC[C@]([H])(C[C@@]([H])(C1)OC(C1=CC=CC=C1)C1=CC=CC=C1)N2C,22,23,"[#6&R](:,-;@[#6&R]:,-;@[#6&R]-&@[#6&R]):,-;@[#6&R]:,-;@[#6&R]:,-;@[#6&R]",7,0.18421052631578946
d17,d9,[H][C@]12CC[C@]([H])(C[C@@]([H])(C1)OC(C1=CC=CC=C1)C1=CC=CC=C1)N2C,ClC1=CC2=C(OC3=CC=CC=C3N=C2N2CCNCC2)C=C1,23,22,"[#6&R](:,-;@[#6&R]:,-;@[#6&R]-&@[#6&R]):,-;@[#6&R]:,-;@[#6&R]:,-;@[#6&R]",7,0.18421052631578946
d9,d18,ClC1=CC2=C(OC3=CC=CC=C3N=C2N2CCNCC2)C=C1,[H][C@@]12CCCN1C(=O)[C@H](CC(C)C)N1C(=O)[C@](NC(=O)[C@H]3CN(C)[C@]4([H])CC5=C(Br)NC6=CC=CC(=C56)C4=C3)(O[C@@]21O)C(C)C,22,43,"[#6&R](:,-;@[#6&R]:,-;@[#6&R]:,-;@[#6&R]-&@[#8&R]-&@[#6&R]:,-;@[#6&R]-&@[#7&R]):,-;@[#6&R]",9,0.16071428571428573
d18,d9,[H][C@@]12CCCN1C(=O)[C@H](CC(C)C)N1C(=O)[C@](NC(=O)[C@H]3CN(C)[C@]4([H])CC5=C(Br)NC6=CC=CC(=C56)C4=C3)(O[C@@]21O)C(C)C,ClC1=CC2=C(OC3=CC=CC=C3N=C2N2CCNCC2)C=C1,43,22,"[#6&R](:,-;@[#6&R]:,-;@[#6&R]:,-;@[#6&R]-&@[#8&R]-&@[#6&R]:,-;@[#6&R]-&@[#7&R]):,-;@[#6&R]",9,0.16071428571428573
d9,d19,ClC1=CC2=C(OC3=CC=CC=C3N=C2N2CCNCC2)C=C1,CO[C@]12CC[C@@]3(C[C@@H]1[C@](C)(O)C(C)(C)C)[C@H]1CC4=C5C(O[C@@H]2[C@@]35CCN1CC1CC1)=C(O)C=C4,22,34,"[#6]1:&@[#6]:&@[#6](:&@[#6](:&@[#6]:&@[#6]:&@1)-&@[#8&R]-&@[#6&R]:,-;@[#6&R]:,-;@[#6&R]:,-;@[#6&R]:,-;@[#6&R]:,-;@[#6&R]-&@[#7&R])-&@[#6&R]",15,0.36585365853658536
d19,d9,CO[C@]12CC[C@@]3(C[C@@H]1[C@](C)(O)C(C)(C)C)[C@H]1CC4=C5C(O[C@@H]2[C@@]35CCN1CC1CC1)=C(O)C=C4,ClC1=CC2=C(OC3=CC=CC=C3N=C2N2CCNCC2)C=C1,34,22,"[#6]1:&@[#6]:&@[#6](:&@[#6](:&@[#6]:&@[#6]:&@1)-&@[#8&R]-&@[#6&R]:,-;@[#6&R]:,-;@[#6&R]:,-;@[#6&R]:,-;@[#6&R]:,-;@[#6&R]-&@[#7&R])-&@[#6&R]",15,0.36585365853658536
d9,d20,ClC1=CC2=C(OC3=CC=CC=C3N=C2N2CCNCC2)C=C1,CC(NC(C)(C)C)C(=O)C1=CC(Cl)=CC=C1,22,16,[#6]1:&@[#6]:&@[#6](-&!@[#17&!R]):&@[#6]:&@[#6]:&@[#6]:&@1,7,0.22580645161290322
d20,d9,CC(NC(C)(C)C)C(=O)C1=CC(Cl)=CC=C1,ClC1=CC2=C(OC3=CC=CC=C3N=C2N2CCNCC2)C=C1,16,22,[#6]1:&@[#6]:&@[#6](-&!@[#17&!R]):&@[#6]:&@[#6]:&@[#6]:&@1,7,0.22580645161290322
d10,d10,CC(N)CC1=CC=CC=C1,CC(N)CC1=CC=CC=C1,10,10,[#6&!R]-&!@[#6&!R](-&!@[#7&!R])-&!@[#6&!R]-&!@[#6]1:&@[#6]:&@[#6]:&@[#6]:&@[#6]:&@[#6]:&@1,10,1.0
d10,d11,CC(N)CC1=CC=CC=C1,[H][C@]12CC3=C(C(O)=C(O)C=C3)C3=CC=CC(CCN1C)=C23,10,20,"[#6]1:,-;@[#6]:,-;@[#6]:&@[#6]:,-;@[#6]:&@[#6]:,-;@1",6,0.25
d11,d10,[H][C@]12CC3=C(C(O)=C(O)C=C3)C3=CC=CC(CCN1C)=C23,CC(N)CC1=CC=CC=C1,20,10,"[#6]1:,-;@[#6]:,-;@[#6]:&@[#6]:,-;@[#6]:&@[#6]:,-;@1",6,0.25
d10,d12,CC(N)CC1=CC=CC=C1,C[C@@H](O[C@H]1OCCN(CC2=NNC(=O)N2)[C@H]1C1=CC=C(F)C=C1)C1=CC(=CC(=C1)C(F)(F)F)C(F)(F)F,10,37,[#6&!R]-&!@[#6&!R]-&!@[#6]1:&@[#6]:&@[#6]:&@[#6]:&@[#6]:&@[#6]:&@1,8,0.20512820512820512
d12,d10,C[C@@H](O[C@H]1OCCN(CC2=NNC(=O)N2)[C@H]1C1=CC=C(F)C=C1)C1=CC(=CC(=C1)C(F)(F)F)C(F)(F)F,CC(N)CC1=CC=CC=C1,37,10,[#6&!R]-&!@[#6&!R]-&!@[#6]1:&@[#6]:&@[#6]:&@[#6]:&@[#6]:&@[#6]:&@1,8,0.20512820512820512
d10,d13,CC(N)CC1=CC=CC=C1,ClC1=CC=CC(N2CCN(CCCCOC3=CC4=C(CCC(=O)N4)C=C3)CC2)=C1Cl,10,30,[#6]1:&@[#6]:&@[#6]:&@[#6]:&@[#6]:&@[#6]:&@1,6,0.17647058823529413
d13,d10,ClC1=CC=CC(N2CCN(CCCCOC3=CC4=C(CCC(=O)N4)C=C3)CC2)=C1Cl,CC(N)CC1=CC=CC=C1,30,10,[#6]1:&@[#6]:&@[#6]:&@[#6]:&@[#6]:&@[#6]:&@1,6,0.17647058823529413
d10,d14,CC(N)CC1=CC=CC=C1,OC(=O)\C=C/C(O)=O.CN1CC2C(C1)C1=C(OC3=CC=CC=C23)C=CC(Cl)=C1,10,28,[#6]1:&@[#6]:&@[#6]:&@[#6]:&@[#6]:&@[#6]:&@1,6,0.1875
d14,d10,OC(=O)\C=C/C(O)=O.CN1CC2C(C1)C1=C(OC3=CC=CC=C23)C=CC(Cl)=C1,CC(N)CC1=CC=CC=C1,28,10,[#6]1:&@[#6]:&@[#6]:&@[#6]:&@[#6]:&@[#6]:&@1,6,0.1875
d10,d15,CC(N)CC1=CC=CC=C1,CNCC[C@@H](OC1=CC=CC=C1C)C1=CC=CC=C1,10,19,[#6&!R]-&!@[#6&!R]-&!@[#6&!R]-&!@[#6]1:&@[#6]:&@[#6]:&@[#6]:&@[#6]:&@[#6]:&@1,9,0.45
d15,d10,CNCC[C@@H](OC1=CC=CC=C1C)C1=CC=CC=C1,CC(N)CC1=CC=CC=C1,19,10,[#6&!R]-&!@[#6&!R]-&!@[#6&!R]-&!@[#6]1:&@[#6]:&@[#6]:&@[#6]:&@[#6]:&@[#6]:&@1,9,0.45
d10,d16,CC(N)CC1=CC=CC=C1,NCC(CC(O)=O)C1=CC=C(Cl)C=C1,10,14,[#6&!R]-&!@[#6&!R]-&!@[#6&!R]-&!@[#6]1:&@[#6]:&@[#6]:&@[#6]:&@[#6]:&@[#6]:&@1,9,0.6
d16,d10,NCC(CC(O)=O)C1=CC=C(Cl)C=C1,CC(N)CC1=CC=CC=C1,14,10,[#6&!R]-&!@[#6&!R]-&!@[#6&!R]-&!@[#6]1:&@[#6]:&@[#6]:&@[#6]:&@[#6]:&@[#6]:&@1,9,0.6
d10,d17,CC(N)CC1=CC=CC=C1,[H][C@]12CC[C@]([H])(C[C@@]([H])(C1)OC(C1=CC=CC=C1)C1=CC=CC=C1)N2C,10,23,[#6&!R]-&!@[#6]1:&@[#6]:&@[#6]:&@[#6]:&@[#6]:&@[#6]:&@1,7,0.2692307692307692
d17,d10,[H][C@]12CC[C@]([H])(C[C@@]([H])(C1)OC(C1=CC=CC=C1)C1=CC=CC=C1)N2C,CC(N)CC1=CC=CC=C1,23,10,[#6&!R]-&!@[#6]1:&@[#6]:&@[#6]:&@[#6]:&@[#6]:&@[#6]:&@1,7,0.2692307692307692
d10,d18,CC(N)CC1=CC=CC=C1,[H][C@@]12CCCN1C(=O)[C@H](CC(C)C)N1C(=O)[C@](NC(=O)[C@H]3CN(C)[C@]4([H])CC5=C(Br)NC6=CC=CC(=C56)C4=C3)(O[C@@]21O)C(C)C,10,43,"[#6]1:,-;@[#6]:,-;@[#6]:&@[#6]:&@[#6]:,-;@[#6]:,-;@1",6,0.1276595744680851
d18,d10,[H][C@@]12CCCN1C(=O)[C@H](CC(C)C)N1C(=O)[C@](NC(=O)[C@H]3CN(C)[C@]4([H])CC5=C(Br)NC6=CC=CC(=C56)C4=C3)(O[C@@]21O)C(C)C,CC(N)CC1=CC=CC=C1,43,10,"[#6]1:,-;@[#6]:,-;@[#6]:&@[#6]:&@[#6]:,-;@[#6]:,-;@1",6,0.1276595744680851
d10,d19,CC(N)CC1=CC=CC=C1,CO[C@]12CC[C@@]3(C[C@@H]1[C@](C)(O)C(C)(C)C)[C@H]1CC4=C5C(O[C@@H]2[C@@]35CCN1CC1CC1)=C(O)C=C4,10,34,"[#6&!R]-&!@[#6&!R]-&!@[#6&!R]-&!@[#6]1:,-;@[#6]:,-;@[#6]:,-;@[#6]:,-;@[#6]:,-;@[#6]:,-;@1",9,0.2571428571428571
d19,d10,CO[C@]12CC[C@@]3(C[C@@H]1[C@](C)(O)C(C)(C)C)[C@H]1CC4=C5C(O[C@@H]2[C@@]35CCN1CC1CC1)=C(O)C=C4,CC(N)CC1=CC=CC=C1,34,10,"[#6&!R]-&!@[#6&!R]-&!@[#6&!R]-&!@[#6]1:,-;@[#6]:,-;@[#6]:,-;@[#6]:,-;@[#6]:,-;@[#6]:,-;@1",9,0.2571428571428571
d10,d20,CC(N)CC1=CC=CC=C1,CC(NC(C)(C)C)C(=O)C1=CC(Cl)=CC=C1,10,16,[#6&!R]-&!@[#6&!R](-&!@[#7&!R])-&!@[#6&!R]-&!@[#6]1:&@[#6]:&@[#6]:&@[#6]:&@[#6]:&@[#6]:&@1,10,0.625
d20,d10,CC(NC(C)(C)C)C(=O)C1=CC(Cl)=CC=C1,CC(N)CC1=CC=CC=C1,16,10,[#6&!R]-&!@[#6&!R](-&!@[#7&!R])-&!@[#6&!R]-&!@[#6]1:&@[#6]:&@[#6]:&@[#6]:&@[#6]:&@[#6]:&@1,10,0.625
d11,d11,[H][C@]12CC3=C(C(O)=C(O)C=C3)C3=CC=CC(CCN1C)=C23,[H][C@]12CC3=C(C(O)=C(O)C=C3)C3=CC=CC(CCN1C)=C23,20,20,[#6]12-&@[#6]-&@[#6]3:&@[#6](-&@[#6]4:&@[#6]-&@1:&@[#6](-&@[#6]-&@[#6]-&@[#7]-&@2-&!@[#6&!R]):&@[#6]:&@[#6]:&@[#6]:&@4):&@[#6](-&!@[#8&!R]):&@[#6](:&@[#6]:&@[#6]:&@3)-&!@[#8&!R],20,1.0
d11,d12,[H][C@]12CC3=C(C(O)=C(O)C=C3)C3=CC=CC(CCN1C)=C23,C[C@@H](O[C@H]1OCCN(CC2=NNC(=O)N2)[C@H]1C1=CC=C(F)C=C1)C1=CC(=CC(=C1)C(F)(F)F)C(F)(F)F,20,37,"[#6]1-,:;@[#6]-,:;@[#6]:&@[#6]-,:;@[#6]:&@[#6]-,:;@1",6,0.11764705882352941
d12,d11,C[C@@H](O[C@H]1OCCN(CC2=NNC(=O)N2)[C@H]1C1=CC=C(F)C=C1)C1=CC(=CC(=C1)C(F)(F)F)C(F)(F)F,[H][C@]12CC3=C(C(O)=C(O)C=C3)C3=CC=CC(CCN1C)=C23,37,20,"[#6]1-,:;@[#6]-,:;@[#6]:&@[#6]-,:;@[#6]:&@[#6]-,:;@1",6,0.11764705882352941
d11,d13,[H][C@]12CC3=C(C(O)=C(O)C=C3)C3=CC=CC(CCN1C)=C23,ClC1=CC=CC(N2CCN(CCCCOC3=CC4=C(CCC(=O)N4)C=C3)CC2)=C1Cl,20,30,"[#6]1(-,:;@[#6&R])-&@[#7]-&@[#6]-&@[#6]-&@[#6]:,-;@[#6]-,:;@1:&@[#6&R]-,:;@[#6&R]:&@[#6&R]-&!@[#8&!R]",11,0.28205128205128205
d13,d11,ClC1=CC=CC(N2CCN(CCCCOC3=CC4=C(CCC(=O)N4)C=C3)CC2)=C1Cl,[H][C@]12CC3=C(C(O)=C(O)C=C3)C3=CC=CC(CCN1C)=C23,30,20,"[#6]1(-,:;@[#6&R])-&@[#7]-&@[#6]-&@[#6]-&@[#6]:,-;@[#6]-,:;@1:&@[#6&R]-,:;@[#6&R]:&@[#6&R]-&!@[#8&!R]",11,0.28205128205128205
d11,d14,[H][C@]12CC3=C(C(O)=C(O)C=C3)C3=CC=CC(CCN1C)=C23,OC(=O)\C=C/C(O)=O.CN1CC2C(C1)C1=C(OC3=CC=CC=C23)C=CC(Cl)=C1,20,28,[#6&R](-&@[#6&R]-&@[#6]1:&@[#6]:&@[#6]:&@[#6]:&@[#6]:&@[#6]:&@1)-&@[#7&R](-&@[#6&R]-&@[#6&R]-&@[#6]1:&@[#6]:&@[#6]:&@[#6]:&@[#6]:&@[#6]:&@1)-&!@[#6&!R],18,0.6
d14,d11,OC(=O)\C=C/C(O)=O.CN1CC2C(C1)C1=C(OC3=CC=CC=C23)C=CC(Cl)=C1,[H][C@]12CC3=C(C(O)=C(O)C=C3)C3=CC=CC(CCN1C)=C23,28,20,[#6&R](-&@[#6&R]-&@[#6]1:&@[#6]:&@[#6]:&@[#6]:&@[#6]:&@[#6]:&@1)-&@[#7&R](-&@[#6&R]-&@[#6&R]-&@[#6]1:&@[#6]:&@[#6]:&@[#6]:&@[#6]:&@[#6]:&@1)-&!@[#6&!R],18,0.6
d11,d15,[H][C@]12CC3=C(C(O)=C(O)C=C3)C3=CC=CC(CCN1C)=C23,CNCC[C@@H](OC1=CC=CC=C1C)C1=CC=CC=C1,20,19,[#8&!R]-&!@[#6]1:&@[#6]:&@[#6]:&@[#6]:&@[#6]:&@[#6]:&@1,7,0.21875
d15,d11,CNCC[C@@H](OC1=CC=CC=C1C)C1=CC=CC=C1,[H][C@]12CC3=C(C(O)=C(O)C=C3)C3=CC=CC(CCN1C)=C23,19,20,[#8&!R]-&!@[#6]1:&@[#6]:&@[#6]:&@[#6]:&@[#6]:&@[#6]:&@1,7,0.21875
d11,d16,[H][C@]12CC3=C(C(O)=C(O)C=C3)C3=CC=CC(CCN1C)=C23,NCC(CC(O)=O)C1=CC=C(Cl)C=C1,20,14,"[#6]1:,-;@[#6]:,-;@[#6]:&@[#6]:,-;@[#6]:&@[#6]:,-;@1",6,0.21428571428571427
d16,d11,NCC(CC(O)=O)C1=CC=C(Cl)C=C1,[H][C@]12CC3=C(C(O)=C(O)C=C3)C3=CC=CC(CCN1C)=C23,14,20,"[#6]1:,-;@[#6]:,-;@[#6]:&@[#6]:,-;@[#6]:&@[#6]:,-;@1",6,0.21428571428571427
d11,d17,[H][C@]12CC3=C(C(O)=C(O)C=C3)C3=CC=CC(CCN1C)=C23,[H][C@]12CC[C@]([H])(C[C@@]([H])(C1)OC(C1=CC=CC=C1)C1=CC=CC=C1)N2C,20,23,"[#6&R](-&@[#6&R]-&@[#6&R]:,-;@[#6&R]:,-;@[#6&R]:,-;@[#6&R]-&!@[#8&!R])(-&@[#7&R]-&!@[#6&!R])-&@[#6&R]",10,0.30303030303030304
d17,d11,[H][C@]12CC[C@]([H])(C[C@@]([H])(C1)OC(C1=CC=CC=C1)C1=CC=CC=C1)N2C,[H][C@]12CC3=C(C(O)=C(O)C=C3)C3=CC=CC(CCN1C)=C23,23,20,"[#6&R](-&@[#6&R]-&@[#6&R]:,-;@[#6&R]:,-;@[#6&R]:,-;@[#6&R]-&!@[#8&!R])(-&@[#7&R]-&!@[#6&!R])-&@[#6&R]",10,0.30303030303030304
d11,d18,[H][C@]12CC3=C(C(O)=C(O)C=C3)C3=CC=CC(CCN1C)=C23,[H][C@@]12CCCN1C(=O)[C@H](CC(C)C)N1C(=O)[C@](NC(=O)[C@H]3CN(C)[C@]4([H])CC5=C(Br)NC6=CC=CC(=C56)C4=C3)(O[C@@]21O)C(C)C,20,43,"[#6]1(-&@[#6]-&@[#6]2:&@[#6](-,:;@[#6](:,-;@[#6]-&@1):&@[#6&R]):&@[#6]:&@[#6]:&@[#6]:&@[#6]:&@2)-&@[#7&R](-&@[#6&R]-&@[#6&R]-&@[#6&R])-&!@[#6&!R]",16,0.3404255319148936
d18,d11,[H][C@@]12CCCN1C(=O)[C@H](CC(C)C)N1C(=O)[C@](NC(=O)[C@H]3CN(C)[C@]4([H])CC5=C(Br)NC6=CC=CC(=C56)C4=C3)(O[C@@]21O)C(C)C,[H][C@]12CC3=C(C(O)=C(O)C=C3)C3=CC=CC(CCN1C)=C23,43,20,"[#6]1(-&@[#6]-&@[#6]2:&@[#6](-,:;@[#6](:,-;@[#6]-&@1):&@[#6&R]):&@[#6]:&@[#6]:&@[#6]:&@[#6]:&@2)-&@[#7&R](-&@[#6&R]-&@[#6&R]-&@[#6&R])-&!@[#6&!R]",16,0.3404255319148936
d11,d19,[H][C@]12CC3=C(C(O)=C(O)C=C3)C3=CC=CC(CCN1C)=C23,CO[C@]12CC[C@@]3(C[C@@H]1[C@](C)(O)C(C)(C)C)[C@H]1CC4=C5C(O[C@@H]2[C@@]35CCN1CC1CC1)=C(O)C=C4,20,34,"[#6]1(-&@[#6]-&@[#6]2:&@[#6](-&@[#6]3:,-;@[#6]-&@1:,-;@[#6]:,-;@[#6]:,-;@[#6]:,-;@[#6]:,-;@3):&@[#6]:&@[#6](:&@[#6]:&@[#6]:&@2)-&!@[#8&!R])-&@[#7&R](-&@[#6&R]-&@[#6&R])-&!@[#6&!R]",19,0.5428571428571428
d19,d11,CO[C@]12CC[C@@]3(C[C@@H]1[C@](C)(O)C(C)(C)C)[C@H]1CC4=C5C(O[C@@H]2[C@@]35CCN1CC1CC1)=C(O)C=C4,[H][C@]12CC3=C(C(O)=C(O)C=C3)C3=CC=CC(CCN1C)=C23,34,20,"[#6]1(-&@[#6]-&@[#6]2:&@[#6](-&@[#6]3:,-;@[#6]-&@1:,-;@[#6]:,-;@[#6]:,-;@[#6]:,-;@[#6]:,-;@3):&@[#6]:&@[#6](:&@[#6]:&@[#6]:&@2)-&!@[#8&!R])-&@[#7&R](-&@[#6&R]-&@[#6&R])-&!@[#6&!R]",19,0.5428571428571428
d11,d20,[H][C@]12CC3=C(C(O)=C(O)C=C3)C3=CC=CC(CCN1C)=C23,CC(NC(C)(C)C)C(=O)C1=CC(Cl)=CC=C1,20,16,"[#6]1:,-;@[#6]:,-;@[#6]:&@[#6]:,-;@[#6]:&@[#6]:,-;@1",6,0.2
d20,d11,CC(NC(C)(C)C)C(=O)C1=CC(Cl)=CC=C1,[H][C@]12CC3=C(C(O)=C(O)C=C3)C3=CC=CC(CCN1C)=C23,16,20,"[#6]1:,-;@[#6]:,-;@[#6]:&@[#6]:,-;@[#6]:&@[#6]:,-;@1",6,0.2
d12,d12,C[C@@H](O[C@H]1OCCN(CC2=NNC(=O)N2)[C@H]1C1=CC=C(F)C=C1)C1=CC(=CC(=C1)C(F)(F)F)C(F)(F)F,C[C@@H](O[C@H]1OCCN(CC2=NNC(=O)N2)[C@H]1C1=CC=C(F)C=C1)C1=CC(=CC(=C1)C(F)(F)F)C(F)(F)F,37,37,[#6&!R]-&!@[#6&!R](-&!@[#8&!R]-&!@[#6]1-&@[#8]-&@[#6]-&@[#6]-&@[#7](-&@[#6]-&@1-&!@[#6]1:&@[#6]:&@[#6]:&@[#6](:&@[#6]:&@[#6]:&@1)-&!@[#9&!R])-&!@[#6&!R]-&!@[#6]1:&@[#7]:&@[#7]:&@[#6](:&@[#7]:&@1)=&!@[#8&!R])-&!@[#6]1:&@[#6]:&@[#6](:&@[#6]:&@[#6](:&@[#6]:&@1)-&!@[#6&!R](-&!@[#9&!R])(-&!@[#9&!R])-&!@[#9&!R])-&!@[#6&!R](-&!@[#9&!R])(-&!@[#9&!R])-&!@[#9&!R],37,1.0
d12,d13,C[C@@H](O[C@H]1OCCN(CC2=NNC(=O)N2)[C@H]1C1=CC=C(F)C=C1)C1=CC(=CC(=C1)C(F)(F)F)C(F)(F)F,ClC1=CC=CC(N2CCN(CCCCOC3=CC4=C(CCC(=O)N4)C=C3)CC2)=C1Cl,37,30,[#6]1:&@[#6]:&@[#6]:&@[#6]:&@[#6]:&@[#6]:&@1,6,0.09836065573770492
d13,d12,ClC1=CC=CC(N2CCN(CCCCOC3=CC4=C(CCC(=O)N4)C=C3)CC2)=C1Cl,C[C@@H](O[C@H]1OCCN(CC2=NNC(=O)N2)[C@H]1C1=CC=C(F)C=C1)C1=CC(=CC(=C1)C(F)(F)F)C(F)(F)F,30,37,[#6]1:&@[#6]:&@[#6]:&@[#6]:&@[#6]:&@[#6]:&@1,6,0.09836065573770492
d12,d14,C[C@@H](O[C@H]1OCCN(CC2=NNC(=O)N2)[C@H]1C1=CC=C(F)C=C1)C1=CC(=CC(=C1)C(F)(F)F)C(F)(F)F,OC(=O)\C=C/C(O)=O.CN1CC2C(C1)C1=C(OC3=CC=CC=C23)C=CC(Cl)=C1,37,28,[#6]1:&@[#6]:&@[#6]:&@[#6]:&@[#6]:&@[#6]:&@1,6,0.1016949152542373
d14,d12,OC(=O)\C=C/C(O)=O.CN1CC2C(C1)C1=C(OC3=CC=CC=C23)C=CC(Cl)=C1,C[C@@H](O[C@H]1OCCN(CC2=NNC(=O)N2)[C@H]1C1=CC=C(F)C=C1)C1=CC(=CC(=C1)C(F)(F)F)C(F)(F)F,28,37,[#6]1:&@[#6]:&@[#6]:&@[#6]:&@[#6]:&@[#6]:&@1,6,0.1016949152542373
d12,d15,C[C@@H](O[C@H]1OCCN(CC2=NNC(=O)N2)[C@H]1C1=CC=C(F)C=C1)C1=CC(=CC(=C1)C(F)(F)F)C(F)(F)F,CNCC[C@@H](OC1=CC=CC=C1C)C1=CC=CC=C1,37,19,"[#6&!R]-&!@[#6&!R](-&!@[#8&!R]-&!@[#6&R]:,-;@[#6&R])-&!@[#6]1:&@[#6]:&@[#6]:&@[#6]:&@[#6]:&@[#6]:&@1",11,0.24444444444444444
d15,d12,CNCC[C@@H](OC1=CC=CC=C1C)C1=CC=CC=C1,C[C@@H](O[C@H]1OCCN(CC2=NNC(=O)N2)[C@H]1C1=CC=C(F)C=C1)C1=CC(=CC(=C1)C(F)(F)F)C(F)(F)F,19,37,"[#6&!R]-&!@[#6&!R](-&!@[#8&!R]-&!@[#6&R]:,-;@[#6&R])-&!@[#6]1:&@[#6]:&@[#6]:&@[#6]:&@[#6]:&@[#6]:&@1",11,0.24444444444444444
d12,d16,C[C@@H](O[C@H]1OCCN(CC2=NNC(=O)N2)[C@H]1C1=CC=C(F)C=C1)C1=CC(=CC(=C1)C(F)(F)F)C(F)(F)F,NCC(CC(O)=O)C1=CC=C(Cl)C=C1,37,14,[#6&!R]-&!@[#6&!R]-&!@[#6]1:&@[#6]:&@[#6]:&@[#6]:&@[#6]:&@[#6]:&@1,8,0.18604651162790697
d16,d12,NCC(CC(O)=O)C1=CC=C(Cl)C=C1,C[C@@H](O[C@H]1OCCN(CC2=NNC(=O)N2)[C@H]1C1=CC=C(F)C=C1)C1=CC(=CC(=C1)C(F)(F)F)C(F)(F)F,14,37,[#6&!R]-&!@[#6&!R]-&!@[#6]1:&@[#6]:&@[#6]:&@[#6]:&@[#6]:&@[#6]:&@1,8,0.18604651162790697
d12,d17,C[C@@H](O[C@H]1OCCN(CC2=NNC(=O)N2)[C@H]1C1=CC=C(F)C=C1)C1=CC(=CC(=C1)C(F)(F)F)C(F)(F)F,[H][C@]12CC[C@]([H])(C[C@@]([H])(C1)OC(C1=CC=CC=C1)C1=CC=CC=C1)N2C,37,23,[#6&R]-&@[#6&R]-&!@[#8&!R]-&!@[#6&!R]-&!@[#6]1:&@[#6]:&@[#6]:&@[#6]:&@[#6]:&@[#6]:&@1,10,0.2
d17,d12,[H][C@]12CC[C@]([H])(C[C@@]([H])(C1)OC(C1=CC=CC=C1)C1=CC=CC=C1)N2C,C[C@@H](O[C@H]1OCCN(CC2=NNC(=O)N2)[C@H]1C1=CC=C(F)C=C1)C1=CC(=CC(=C1)C(F)(F)F)C(F)(F)F,23,37,[#6&R]-&@[#6&R]-&!@[#8&!R]-&!@[#6&!R]-&!@[#6]1:&@[#6]:&@[#6]:&@[#6]:&@[#6]:&@[#6]:&@1,10,0.2
d12,d18,C[C@@H](O[C@H]1OCCN(CC2=NNC(=O)N2)[C@H]1C1=CC=C(F)C=C1)C1=CC(=CC(=C1)C(F)(F)F)C(F)(F)F,[H][C@@]12CCCN1C(=O)[C@H](CC(C)C)N1C(=O)[C@](NC(=O)[C@H]3CN(C)[C@]4([H])CC5=C(Br)NC6=CC=CC(=C56)C4=C3)(O[C@@]21O)C(C)C,37,43,[#8&!R]-&!@[#6&R](-&@[#8&R]-&@[#6&R]-&@[#6&R])-&@[#6&R]-&@[#7&R],7,0.0958904109589041
d18,d12,[H][C@@]12CCCN1C(=O)[C@H](CC(C)C)N1C(=O)[C@](NC(=O)[C@H]3CN(C)[C@]4([H])CC5=C(Br)NC6=CC=CC(=C56)C4=C3)(O[C@@]21O)C(C)C,C[C@@H](O[C@H]1OCCN(CC2=NNC(=O)N2)[C@H]1C1=CC=C(F)C=C1)C1=CC(=CC(=C1)C(F)(F)F)C(F)(F)F,43,37,[#8&!R]-&!@[#6&R](-&@[#8&R]-&@[#6&R]-&@[#6&R])-&@[#6&R]-&@[#7&R],7,0.0958904109589041
d12,d19,C[C@@H](O[C@H]1OCCN(CC2=NNC(=O)N2)[C@H]1C1=CC=C(F)C=C1)C1=CC(=CC(=C1)C(F)(F)F)C(F)(F)F,CO[C@]12CC[C@@]3(C[C@@H]1[C@](C)(O)C(C)(C)C)[C@H]1CC4=C5C(O[C@@H]2[C@@]35CCN1CC1CC1)=C(O)C=C4,37,34,"[#6&!R]-&!@[#6&!R](-&!@[#8&!R])-&!@[#6]1:,-;@[#6]:,-;@[#6]:,-;@[#6]:,-;@[#6]:,-;@[#6]:,-;@1",9,0.14516129032258066
d19,d12,CO[C@]12CC[C@@]3(C[C@@H]1[C@](C)(O)C(C)(C)C)[C@H]1CC4=C5C(O[C@@H]2[C@@]35CCN1CC1CC1)=C(O)C=C4,C[C@@H](O[C@H]1OCCN(CC2=NNC(=O)N2)[C@H]1C1=CC=C(F)C=C1)C1=CC(=CC(=C1)C(F)(F)F)C(F)(F)F,34,37,"[#6&!R]-&!@[#6&!R](-&!@[#8&!R])-&!@[#6]1:,-;@[#6]:,-;@[#6]:,-;@[#6]:,-;@[#6]:,-;@[#6]:,-;@1",9,0.14516129032258066
d12,d20,C[C@@H](O[C@H]1OCCN(CC2=NNC(=O)N2)[C@H]1C1=CC=C(F)C=C1)C1=CC(=CC(=C1)C(F)(F)F)C(F)(F)F,CC(NC(C)(C)C)C(=O)C1=CC(Cl)=CC=C1,37,16,[#6&!R]-&!@[#6&!R]-&!@[#6]1:&@[#6]:&@[#6]:&@[#6]:&@[#6]:&@[#6]:&@1,8,0.17777777777777778
d20,d12,CC(NC(C)(C)C)C(=O)C1=CC(Cl)=CC=C1,C[C@@H](O[C@H]1OCCN(CC2=NNC(=O)N2)[C@H]1C1=CC=C(F)C=C1)C1=CC(=CC(=C1)C(F)(F)F)C(F)(F)F,16,37,[#6&!R]-&!@[#6&!R]-&!@[#6]1:&@[#6]:&@[#6]:&@[#6]:&@[#6]:&@[#6]:&@1,8,0.17777777777777778
d13,d13,ClC1=CC=CC(N2CCN(CCCCOC3=CC4=C(CCC(=O)N4)C=C3)CC2)=C1Cl,ClC1=CC=CC(N2CCN(CCCCOC3=CC4=C(CCC(=O)N4)C=C3)CC2)=C1Cl,30,30,[#17&!R]-&!@[#6]1:&@[#6]:&@[#6]:&@[#6]:&@[#6](:&@[#6]:&@1-&!@[#17&!R])-&!@[#7]1-&@[#6]-&@[#6]-&@[#7](-&@[#6]-&@[#6]-&@1)-&!@[#6&!R]-&!@[#6&!R]-&!@[#6&!R]-&!@[#6&!R]-&!@[#8&!R]-&!@[#6]1:&@[#6]:&@[#6]2:&@[#6](:&@[#6]:&@[#6]:&@1)-&@[#6]-&@[#6]-&@[#6](-&@[#7]-&@2)=&!@[#8&!R],30,1.0
d13,d14,ClC1=CC=CC(N2CCN(CCCCOC3=CC4=C(CCC(=O)N4)C=C3)CC2)=C1Cl,OC(=O)\C=C/C(O)=O.CN1CC2C(C1)C1=C(OC3=CC=CC=C23)C=CC(Cl)=C1,30,28,[#7&R]-&@[#6&R]-&@[#6&R]-&@[#6&R]-&@[#6]1:&@[#6]:&@[#6]:&@[#6]:&@[#6]:&@[#6]:&@1,10,0.20833333333333334
d14,d13,OC(=O)\C=C/C(O)=O.CN1CC2C(C1)C1=C(OC3=CC=CC=C23)C=CC(Cl)=C1,ClC1=CC=CC(N2CCN(CCCCOC3=CC4=C(CCC(=O)N4)C=C3)CC2)=C1Cl,28,30,[#7&R]-&@[#6&R]-&@[#6&R]-&@[#6&R]-&@[#6]1:&@[#6]:&@[#6]:&@[#6]:&@[#6]:&@[#6]:&@1,10,0.20833333333333334
d13,d15,ClC1=CC=CC(N2CCN(CCCCOC3=CC4=C(CCC(=O)N4)C=C3)CC2)=C1Cl,CNCC[C@@H](OC1=CC=CC=C1C)C1=CC=CC=C1,30,19,[#6&!R]-&!@[#6&!R]-&!@[#6&!R]-&!@[#8&!R]-&!@[#6]1:&@[#6]:&@[#6]:&@[#6]:&@[#6]:&@[#6]:&@1,10,0.2564102564102564
d15,d13,CNCC[C@@H](OC1=CC=CC=C1C)C1=CC=CC=C1,ClC1=CC=CC(N2CCN(CCCCOC3=CC4=C(CCC(=O)N4)C=C3)CC2)=C1Cl,19,30,[#6&!R]-&!@[#6&!R]-&!@[#6&!R]-&!@[#8&!R]-&!@[#6]1:&@[#6]:&@[#6]:&@[#6]:&@[#6]:&@[#6]:&@1,10,0.2564102564102564
d13,d16,ClC1=CC=CC(N2CCN(CCCCOC3=CC4=C(CCC(=O)N4)C=C3)CC2)=C1Cl,NCC(CC(O)=O)C1=CC=C(Cl)C=C1,30,14,[#6]1:&@[#6]:&@[#6]:&@[#6](:&@[#6]:&@[#6]:&@1)-&!@[#17&!R],7,0.1891891891891892
d16,d13,NCC(CC(O)=O)C1=CC=C(Cl)C=C1,ClC1=CC=CC(N2CCN(CCCCOC3=CC4=C(CCC(=O)N4)C=C3)CC2)=C1Cl,14,30,[#6]1:&@[#6]:&@[#6]:&@[#6](:&@[#6]:&@[#6]:&@1)-&!@[#17&!R],7,0.1891891891891892
d13,d17,ClC1=CC=CC(N2CCN(CCCCOC3=CC4=C(CCC(=O)N4)C=C3)CC2)=C1Cl,[H][C@]12CC[C@]([H])(C[C@@]([H])(C1)OC(C1=CC=CC=C1)C1=CC=CC=C1)N2C,30,23,"[#6&R](-,:;@[#6&R]-&@[#6&R]-&@[#6&R]-&@[#6&R])(-,:;@[#6&R]-,:;@[#6&R]-&!@[#8&!R]-&!@[#6&!R])-&@[#7&R]",10,0.23255813953488372
d17,d13,[H][C@]12CC[C@]([H])(C[C@@]([H])(C1)OC(C1=CC=CC=C1)C1=CC=CC=C1)N2C,ClC1=CC=CC(N2CCN(CCCCOC3=CC4=C(CCC(=O)N4)C=C3)CC2)=C1Cl,23,30,"[#6&R](-,:;@[#6&R]-&@[#6&R]-&@[#6&R]-&@[#6&R])(-,:;@[#6&R]-,:;@[#6&R]-&!@[#8&!R]-&!@[#6&!R])-&@[#7&R]",10,0.23255813953488372
d13,d18,ClC1=CC=CC(N2CCN(CCCCOC3=CC4=C(CCC(=O)N4)C=C3)CC2)=C1Cl,[H][C@@]12CCCN1C(=O)[C@H](CC(C)C)N1C(=O)[C@](NC(=O)[C@H]3CN(C)[C@]4([H])CC5=C(Br)NC6=CC=CC(=C56)C4=C3)(O[C@@]21O)C(C)C,30,43,"[#6]1:&@[#6]:&@[#6](:&@[#6](:&@[#6]:&@[#6]:&@1)-,:;@[#6&R]-&@[#6&R])-,:;@[#7&R]-,:;@[#6&R]",10,0.15873015873015872
d18,d13,[H][C@@]12CCCN1C(=O)[C@H](CC(C)C)N1C(=O)[C@](NC(=O)[C@H]3CN(C)[C@]4([H])CC5=C(Br)NC6=CC=CC(=C56)C4=C3)(O[C@@]21O)C(C)C,ClC1=CC=CC(N2CCN(CCCCOC3=CC4=C(CCC(=O)N4)C=C3)CC2)=C1Cl,43,30,"[#6]1:&@[#6]:&@[#6](:&@[#6](:&@[#6]:&@[#6]:&@1)-,:;@[#6&R]-&@[#6&R])-,:;@[#7&R]-,:;@[#6&R]",10,0.15873015873015872
d13,d19,ClC1=CC=CC(N2CCN(CCCCOC3=CC4=C(CCC(=O)N4)C=C3)CC2)=C1Cl,CO[C@]12CC[C@@]3(C[C@@H]1[C@](C)(O)C(C)(C)C)[C@H]1CC4=C5C(O[C@@H]2[C@@]35CCN1CC1CC1)=C(O)C=C4,30,34,"[#6&!R]-&!@[#8&!R]-&!@[#6]1:,-;@[#6]:,-;@[#6]:,-;@[#6](:,-;@[#6]:,-;@[#6]:,-;@1)-&@[#6&R]-&@[#6&R]-&@[#6&R]-&@[#7&R]",12,0.23076923076923078
d19,d13,CO[C@]12CC[C@@]3(C[C@@H]1[C@](C)(O)C(C)(C)C)[C@H]1CC4=C5C(O[C@@H]2[C@@]35CCN1CC1CC1)=C(O)C=C4,ClC1=CC=CC(N2CCN(CCCCOC3=CC4=C(CCC(=O)N4)C=C3)CC2)=C1Cl,34,30,"[#6&!R]-&!@[#8&!R]-&!@[#6]1:,-;@[#6]:,-;@[#6]:,-;@[#6](:,-;@[#6]:,-;@[#6]:,-;@1)-&@[#6&R]-&@[#6&R]-&@[#6&R]-&@[#7&R]",12,0.23076923076923078
d13,d20,ClC1=CC=CC(N2CCN(CCCCOC3=CC4=C(CCC(=O)N4)C=C3)CC2)=C1Cl,CC(NC(C)(C)C)C(=O)C1=CC(Cl)=CC=C1,30,16,[#6]1:&@[#6]:&@[#6](-&!@[#17&!R]):&@[#6]:&@[#6]:&@[#6]:&@1,7,0.1794871794871795
d20,d13,CC(NC(C)(C)C)C(=O)C1=CC(Cl)=CC=C1,ClC1=CC=CC(N2CCN(CCCCOC3=CC4=C(CCC(=O)N4)C=C3)CC2)=C1Cl,16,30,[#6]1:&@[#6]:&@[#6](-&!@[#17&!R]):&@[#6]:&@[#6]:&@[#6]:&@1,7,0.1794871794871795
d14,d14,OC(=O)\C=C/C(O)=O.CN1CC2C(C1)C1=C(OC3=CC=CC=C23)C=CC(Cl)=C1,OC(=O)\C=C/C(O)=O.CN1CC2C(C1)C1=C(OC3=CC=CC=C23)C=CC(Cl)=C1,28,28,[#6&!R]-&!@[#7]1-&@[#6]-&@[#6]2-&@[#6](-&@[#6]-&@1)-&@[#6]1:&@[#6](-&@[#8]-&@[#6]3:&@[#6]-&@2:&@[#6]:&@[#6]:&@[#6]:&@[#6]:&@3):&@[#6]:&@[#6]:&@[#6](:&@[#6]:&@1)-&!@[#17&!R],20,0.5555555555555556
d14,d15,OC(=O)\C=C/C(O)=O.CN1CC2C(C1)C1=C(OC3=CC=CC=C23)C=CC(Cl)=C1,CNCC[C@@H](OC1=CC=CC=C1C)C1=CC=CC=C1,28,19,[#6]1:&@[#6]:&@[#6]:&@[#6]:&@[#6]:&@[#6]:&@1,6,0.14634146341463414
d15,d14,CNCC[C@@H](OC1=CC=CC=C1C)C1=CC=CC=C1,OC(=O)\C=C/C(O)=O.CN1CC2C(C1)C1=C(OC3=CC=CC=C23)C=CC(Cl)=C1,19,28,[#6]1:&@[#6]:&@[#6]:&@[#6]:&@[#6]:&@[#6]:&@1,6,0.14634146341463414
d14,d16,OC(=O)\C=C/C(O)=O.CN1CC2C(C1)C1=C(OC3=CC=CC=C23)C=CC(Cl)=C1,NCC(CC(O)=O)C1=CC=C(Cl)C=C1,28,14,[#6]1:&@[#6]:&@[#6]:&@[#6](:&@[#6]:&@[#6]:&@1)-&!@[#17&!R],7,0.2
d16,d14,NCC(CC(O)=O)C1=CC=C(Cl)C=C1,OC(=O)\C=C/C(O)=O.CN1CC2C(C1)C1=C(OC3=CC=CC=C23)C=CC(Cl)=C1,14,28,[#6]1:&@[#6]:&@[#6]:&@[#6](:&@[#6]:&@[#6]:&@1)-&!@[#17&!R],7,0.2
d14,d17,OC(=O)\C=C/C(O)=O.CN1CC2C(C1)C1=C(OC3=CC=CC=C23)C=CC(Cl)=C1,[H][C@]12CC[C@]([H])(C[C@@]([H])(C1)OC(C1=CC=CC=C1)C1=CC=CC=C1)N2C,28,23,"[#6&R](-&@[#6&R]-&@[#6&R]-&@[#6&R]-,:;@[#6&R]-,:;@[#6&R]-,:;@[#6&R])-&@[#7&R]-&!@[#6&!R]",9,0.21428571428571427
d17,d14,[H][C@]12CC[C@]([H])(C[C@@]([H])(C1)OC(C1=CC=CC=C1)C1=CC=CC=C1)N2C,OC(=O)\C=C/C(O)=O.CN1CC2C(C1)C1=C(OC3=CC=CC=C23)C=CC(Cl)=C1,23,28,"[#6&R](-&@[#6&R]-&@[#6&R]-&@[#6&R]-,:;@[#6&R]-,:;@[#6&R]-,:;@[#6&R])-&@[#7&R]-&!@[#6&!R]",9,0.21428571428571427
d14,d18,OC(=O)\C=C/C(O)=O.CN1CC2C(C1)C1=C(OC3=CC=CC=C23)C=CC(Cl)=C1,[H][C@@]12CCCN1C(=O)[C@H](CC(C)C)N1C(=O)[C@](NC(=O)[C@H]3CN(C)[C@]4([H])CC5=C(Br)NC6=CC=CC(=C56)C4=C3)(O[C@@]21O)C(C)C,28,43,[#6&!R]-&!@[#7&R](-&@[#6&R]-&@[#6&R]-&@[#6&R])-&@[#6&R]-&@[#6&R]-&@[#6]1:&@[#6]:&@[#6]:&@[#6]:&@[#6]:&@[#6]:&@1,13,0.22413793103448276
d18,d14,[H][C@@]12CCCN1C(=O)[C@H](CC(C)C)N1C(=O)[C@](NC(=O)[C@H]3CN(C)[C@]4([H])CC5=C(Br)NC6=CC=CC(=C56)C4=C3)(O[C@@]21O)C(C)C,OC(=O)\C=C/C(O)=O.CN1CC2C(C1)C1=C(OC3=CC=CC=C23)C=CC(Cl)=C1,43,28,[#6&!R]-&!@[#7&R](-&@[#6&R]-&@[#6&R]-&@[#6&R])-&@[#6&R]-&@[#6&R]-&@[#6]1:&@[#6]:&@[#6]:&@[#6]:&@[#6]:&@[#6]:&@1,13,0.22413793103448276
d14,d19,OC(=O)\C=C/C(O)=O.CN1CC2C(C1)C1=C(OC3=CC=CC=C23)C=CC(Cl)=C1,CO[C@]12CC[C@@]3(C[C@@H]1[C@](C)(O)C(C)(C)C)[C@H]1CC4=C5C(O[C@@H]2[C@@]35CCN1CC1CC1)=C(O)C=C4,28,34,"[#6&!R]-&!@[#7&R](-&@[#6&R]-&@[#6&R]-&@[#6]1:&@[#6]:&@[#6]:&@[#6]:&@[#6]:&@[#6]:&@1)-&@[#6&R]-&@[#6&R]-&@[#6]1:,-;@[#6](-&@[#8&R]):,-;@[#6]:,-;@[#6]:,-;@[#6]:,-;@[#6]:,-;@1",19,0.4418604651162791
d19,d14,CO[C@]12CC[C@@]3(C[C@@H]1[C@](C)(O)C(C)(C)C)[C@H]1CC4=C5C(O[C@@H]2[C@@]35CCN1CC1CC1)=C(O)C=C4,OC(=O)\C=C/C(O)=O.CN1CC2C(C1)C1=C(OC3=CC=CC=C23)C=CC(Cl)=C1,34,28,"[#6&!R]-&!@[#7&R](-&@[#6&R]-&@[#6&R]-&@[#6]1:&@[#6]:&@[#6]:&@[#6]:&@[#6]:&@[#6]:&@1)-&@[#6&R]-&@[#6&R]-&@[#6]1:,-;@[#6](-&@[#8&R]):,-;@[#6]:,-;@[#6]:,-;@[#6]:,-;@[#6]:,-;@1",19,0.4418604651162791
d14,d20,OC(=O)\C=C/C(O)=O.CN1CC2C(C1)C1=C(OC3=CC=CC=C23)C=CC(Cl)=C1,CC(NC(C)(C)C)C(=O)C1=CC(Cl)=CC=C1,28,16,[#6]1:&@[#6]:&@[#6](-&!@[#17&!R]):&@[#6]:&@[#6]:&@[#6]:&@1,7,0.1891891891891892
d20,d14,CC(NC(C)(C)C)C(=O)C1=CC(Cl)=CC=C1,OC(=O)\C=C/C(O)=O.CN1CC2C(C1)C1=C(OC3=CC=CC=C23)C=CC(Cl)=C1,16,28,[#6]1:&@[#6]:&@[#6](-&!@[#17&!R]):&@[#6]:&@[#6]:&@[#6]:&@1,7,0.1891891891891892
d15,d15,CNCC[C@@H](OC1=CC=CC=C1C)C1=CC=CC=C1,CNCC[C@@H](OC1=CC=CC=C1C)C1=CC=CC=C1,19,19,[#6&!R]-&!@[#7&!R]-&!@[#6&!R]-&!@[#6&!R]-&!@[#6&!R](-&!@[#8&!R]-&!@[#6]1:&@[#6]:&@[#6]:&@[#6]:&@[#6]:&@[#6]:&@1-&!@[#6&!R])-&!@[#6]1:&@[#6]:&@[#6]:&@[#6]:&@[#6]:&@[#6]:&@1,19,1.0
d15,d16,CNCC[C@@H](OC1=CC=CC=C1C)C1=CC=CC=C1,NCC(CC(O)=O)C1=CC=C(Cl)C=C1,19,14,[#6&!R](-&!@[#6&!R]-&!@[#6&!R])-&!@[#6]1:&@[#6]:&@[#6]:&@[#6]:&@[#6]:&@[#6]:&@1,9,0.375
d16,d15,NCC(CC(O)=O)C1=CC=C(Cl)C=C1,CNCC[C@@H](OC1=CC=CC=C1C)C1=CC=CC=C1,14,19,[#6&!R](-&!@[#6&!R]-&!@[#6&!R])-&!@[#6]1:&@[#6]:&@[#6]:&@[#6]:&@[#6]:&@[#6]:&@1,9,0.375
d15,d17,CNCC[C@@H](OC1=CC=CC=C1C)C1=CC=CC=C1,[H][C@]12CC[C@]([H])(C[C@@]([H])(C1)OC(C1=CC=CC=C1)C1=CC=CC=C1)N2C,19,23,"[#6&!R](-&!@[#8&!R]-&!@[#6&R](:,-;@[#6&R]:,-;@[#6&R]):,-;@[#6&R]:,-;@[#6&R]:,-;@[#6&R])-&!@[#6]1:&@[#6]:&@[#6]:&@[#6]:&@[#6]:&@[#6]:&@1",14,0.5
d17,d15,[H][C@]12CC[C@]([H])(C[C@@]([H])(C1)OC(C1=CC=CC=C1)C1=CC=CC=C1)N2C,CNCC[C@@H](OC1=CC=CC=C1C)C1=CC=CC=C1,23,19,"[#6&!R](-&!@[#8&!R]-&!@[#6&R](:,-;@[#6&R]:,-;@[#6&R]):,-;@[#6&R]:,-;@[#6&R]:,-;@[#6&R])-&!@[#6]1:&@[#6]:&@[#6]:&@[#6]:&@[#6]:&@[#6]:&@1",14,0.5
d15,d18,CNCC[C@@H](OC1=CC=CC=C1C)C1=CC=CC=C1,[H][C@@]12CCCN1C(=O)[C@H](CC(C)C)N1C(=O)[C@](NC(=O)[C@H]3CN(C)[C@]4([H])CC5=C(Br)NC6=CC=CC(=C56)C4=C3)(O[C@@]21O)C(C)C,19,43,"[#6]1:,-;@[#6]:,-;@[#6]:&@[#6]:&@[#6]:,-;@[#6]:,-;@1",6,0.10714285714285714
d18,d15,[H][C@@]12CCCN1C(=O)[C@H](CC(C)C)N1C(=O)[C@](NC(=O)[C@H]3CN(C)[C@]4([H])CC5=C(Br)NC6=CC=CC(=C56)C4=C3)(O[C@@]21O)C(C)C,CNCC[C@@H](OC1=CC=CC=C1C)C1=CC=CC=C1,43,19,"[#6]1:,-;@[#6]:,-;@[#6]:&@[#6]:&@[#6]:,-;@[#6]:,-;@1",6,0.10714285714285714
d15,d19,CNCC[C@@H](OC1=CC=CC=C1C)C1=CC=CC=C1,CO[C@]12CC[C@@]3(C[C@@H]1[C@](C)(O)C(C)(C)C)[C@H]1CC4=C5C(O[C@@H]2[C@@]35CCN1CC1CC1)=C(O)C=C4,19,34,"[#6&!R]-&!@[#6&!R]-&!@[#6&!R](-&!@[#8&!R])-&!@[#6]1:,-;@[#6]:,-;@[#6]:,-;@[#6]:,-;@[#6]:,-;@[#6]:,-;@1",10,0.23255813953488372
d19,d15,CO[C@]12CC[C@@]3(C[C@@H]1[C@](C)(O)C(C)(C)C)[C@H]1CC4=C5C(O[C@@H]2[C@@]35CCN1CC1CC1)=C(O)C=C4,CNCC[C@@H](OC1=CC=CC=C1C)C1=CC=CC=C1,34,19,"[#6&!R]-&!@[#6&!R]-&!@[#6&!R](-&!@[#8&!R])-&!@[#6]1:,-;@[#6]:,-;@[#6]:,-;@[#6]:,-;@[#6]:,-;@[#6]:,-;@1",10,0.23255813953488372
d15,d20,CNCC[C@@H](OC1=CC=CC=C1C)C1=CC=CC=C1,CC(NC(C)(C)C)C(=O)C1=CC(Cl)=CC=C1,19,16,[#6&!R]-&!@[#6&!R]-&!@[#6&!R]-&!@[#6]1:&@[#6]:&@[#6]:&@[#6]:&@[#6]:&@[#6]:&@1,9,0.34615384615384615
d20,d15,CC(NC(C)(C)C)C(=O)C1=CC(Cl)=CC=C1,CNCC[C@@H](OC1=CC=CC=C1C)C1=CC=CC=C1,16,19,[#6&!R]-&!@[#6&!R]-&!@[#6&!R]-&!@[#6]1:&@[#6]:&@[#6]:&@[#6]:&@[#6]:&@[#6]:&@1,9,0.34615384615384615
d16,d16,NCC(CC(O)=O)C1=CC=C(Cl)C=C1,NCC(CC(O)=O)C1=CC=C(Cl)C=C1,14,14,[#7&!R]-&!@[#6&!R]-&!@[#6&!R](-&!@[#6&!R]-&!@[#6&!R](-&!@[#8&!R])=&!@[#8&!R])-&!@[#6]1:&@[#6]:&@[#6]:&@[#6](:&@[#6]:&@[#6]:&@1)-&!@[#17&!R],14,1.0
d16,d17,NCC(CC(O)=O)C1=CC=C(Cl)C=C1,[H][C@]12CC[C@]([H])(C[C@@]([H])(C1)OC(C1=CC=CC=C1)C1=CC=CC=C1)N2C,14,23,[#6&!R]-&!@[#6]1:&@[#6]:&@[#6]:&@[#6]:&@[#6]:&@[#6]:&@1,7,0.23333333333333334
d17,d16,[H][C@]12CC[C@]([H])(C[C@@]([H])(C1)OC(C1=CC=CC=C1)C1=CC=CC=C1)N2C,NCC(CC(O)=O)C1=CC=C(Cl)C=C1,23,14,[#6&!R]-&!@[#6]1:&@[#6]:&@[#6]:&@[#6]:&@[#6]:&@[#6]:&@1,7,0.23333333333333334
d16,d18,NCC(CC(O)=O)C1=CC=C(Cl)C=C1,[H][C@@]12CCCN1C(=O)[C@H](CC(C)C)N1C(=O)[C@](NC(=O)[C@H]3CN(C)[C@]4([H])CC5=C(Br)NC6=CC=CC(=C56)C4=C3)(O[C@@]21O)C(C)C,14,43,"[#6]1:,-;@[#6]:,-;@[#6]:&@[#6]:&@[#6]:,-;@[#6]:,-;@1",6,0.11764705882352941
d18,d16,[H][C@@]12CCCN1C(=O)[C@H](CC(C)C)N1C(=O)[C@](NC(=O)[C@H]3CN(C)[C@]4([H])CC5=C(Br)NC6=CC=CC(=C56)C4=C3)(O[C@@]21O)C(C)C,NCC(CC(O)=O)C1=CC=C(Cl)C=C1,43,14,"[#6]1:,-;@[#6]:,-;@[#6]:&@[#6]:&@[#6]:,-;@[#6]:,-;@1",6,0.11764705882352941
d16,d19,NCC(CC(O)=O)C1=CC=C(Cl)C=C1,CO[C@]12CC[C@@]3(C[C@@H]1[C@](C)(O)C(C)(C)C)[C@H]1CC4=C5C(O[C@@H]2[C@@]35CCN1CC1CC1)=C(O)C=C4,14,34,"[#6&!R]-&!@[#6&!R](-&!@[#6&!R]-&!@[#6&!R])-&!@[#6]1:,-;@[#6]:,-;@[#6]:,-;@[#6]:,-;@[#6]:,-;@[#6]:,-;@1",10,0.2631578947368421
d19,d16,CO[C@]12CC[C@@]3(C[C@@H]1[C@](C)(O)C(C)(C)C)[C@H]1CC4=C5C(O[C@@H]2[C@@]35CCN1CC1CC1)=C(O)C=C4,NCC(CC(O)=O)C1=CC=C(Cl)C=C1,34,14,"[#6&!R]-&!@[#6&!R](-&!@[#6&!R]-&!@[#6&!R])-&!@[#6]1:,-;@[#6]:,-;@[#6]:,-;@[#6]:,-;@[#6]:,-;@[#6]:,-;@1",10,0.2631578947368421
d16,d20,NCC(CC(O)=O)C1=CC=C(Cl)C=C1,CC(NC(C)(C)C)C(=O)C1=CC(Cl)=CC=C1,14,16,[#7&!R]-&!@[#6&!R]-&!@[#6&!R]-&!@[#6]1:&@[#6]:&@[#6]:&@[#6]:&@[#6]:&@[#6]:&@1,9,0.42857142857142855
d20,d16,CC(NC(C)(C)C)C(=O)C1=CC(Cl)=CC=C1,NCC(CC(O)=O)C1=CC=C(Cl)C=C1,16,14,[#7&!R]-&!@[#6&!R]-&!@[#6&!R]-&!@[#6]1:&@[#6]:&@[#6]:&@[#6]:&@[#6]:&@[#6]:&@1,9,0.42857142857142855
d17,d17,[H][C@]12CC[C@]([H])(C[C@@]([H])(C1)OC(C1=CC=CC=C1)C1=CC=CC=C1)N2C,[H][C@]12CC[C@]([H])(C[C@@]([H])(C1)OC(C1=CC=CC=C1)C1=CC=CC=C1)N2C,23,23,[#6]12-&@[#6]-&@[#6]-&@[#6](-&@[#7]-&@1-&!@[#6&!R])-&@[#6]-&@[#6](-&@[#6]-&@2)-&!@[#8&!R]-&!@[#6&!R](-&!@[#6]1:&@[#6]:&@[#6]:&@[#6]:&@[#6]:&@[#6]:&@1)-&!@[#6]1:&@[#6]:&@[#6]:&@[#6]:&@[#6]:&@[#6]:&@1,23,1.0
d17,d18,[H][C@]12CC[C@]([H])(C[C@@]([H])(C1)OC(C1=CC=CC=C1)C1=CC=CC=C1)N2C,[H][C@@]12CCCN1C(=O)[C@H](CC(C)C)N1C(=O)[C@](NC(=O)[C@H]3CN(C)[C@]4([H])CC5=C(Br)NC6=CC=CC(=C56)C4=C3)(O[C@@]21O)C(C)C,23,43,"[#6&R](-&@[#6&R]-&@[#6&R]-,:;@[#6&R])(-&@[#6&R]-&@[#6&R]-,:;@[#6&R])-&@[#7&R]-&!@[#6&!R]",9,0.15789473684210525
d18,d17,[H][C@@]12CCCN1C(=O)[C@H](CC(C)C)N1C(=O)[C@](NC(=O)[C@H]3CN(C)[C@]4([H])CC5=C(Br)NC6=CC=CC(=C56)C4=C3)(O[C@@]21O)C(C)C,[H][C@]12CC[C@]([H])(C[C@@]([H])(C1)OC(C1=CC=CC=C1)C1=CC=CC=C1)N2C,43,23,"[#6&R](-&@[#6&R]-&@[#6&R]-,:;@[#6&R])(-&@[#6&R]-&@[#6&R]-,:;@[#6&R])-&@[#7&R]-&!@[#6&!R]",9,0.15789473684210525
d17,d19,[H][C@]12CC[C@]([H])(C[C@@]([H])(C1)OC(C1=CC=CC=C1)C1=CC=CC=C1)N2C,CO[C@]12CC[C@@]3(C[C@@H]1[C@](C)(O)C(C)(C)C)[C@H]1CC4=C5C(O[C@@H]2[C@@]35CCN1CC1CC1)=C(O)C=C4,23,34,"[#6&R](-&@[#6&R]-&@[#6&R]-&@[#6&R]-,:;@[#6&R]-,:;@[#6&R]-&!@[#8&!R])(-&@[#6&R])-&@[#7&R]-&!@[#6&!R]",10,0.2127659574468085
d19,d17,CO[C@]12CC[C@@]3(C[C@@H]1[C@](C)(O)C(C)(C)C)[C@H]1CC4=C5C(O[C@@H]2[C@@]35CCN1CC1CC1)=C(O)C=C4,[H][C@]12CC[C@]([H])(C[C@@]([H])(C1)OC(C1=CC=CC=C1)C1=CC=CC=C1)N2C,34,23,"[#6&R](-&@[#6&R]-&@[#6&R]-&@[#6&R]-,:;@[#6&R]-,:;@[#6&R]-&!@[#8&!R])(-&@[#6&R])-&@[#7&R]-&!@[#6&!R]",10,0.2127659574468085
d17,d20,[H][C@]12CC[C@]([H])(C[C@@]([H])(C1)OC(C1=CC=CC=C1)C1=CC=CC=C1)N2C,CC(NC(C)(C)C)C(=O)C1=CC(Cl)=CC=C1,23,16,[#6&!R]-&!@[#6]1:&@[#6]:&@[#6]:&@[#6]:&@[#6]:&@[#6]:&@1,7,0.21875
d20,d17,CC(NC(C)(C)C)C(=O)C1=CC(Cl)=CC=C1,[H][C@]12CC[C@]([H])(C[C@@]([H])(C1)OC(C1=CC=CC=C1)C1=CC=CC=C1)N2C,16,23,[#6&!R]-&!@[#6]1:&@[#6]:&@[#6]:&@[#6]:&@[#6]:&@[#6]:&@1,7,0.21875
d18,d18,[H][C@@]12CCCN1C(=O)[C@H](CC(C)C)N1C(=O)[C@](NC(=O)[C@H]3CN(C)[C@]4([H])CC5=C(Br)NC6=CC=CC(=C56)C4=C3)(O[C@@]21O)C(C)C,[H][C@@]12CCCN1C(=O)[C@H](CC(C)C)N1C(=O)[C@](NC(=O)[C@H]3CN(C)[C@]4([H])CC5=C(Br)NC6=CC=CC(=C56)C4=C3)(O[C@@]21O)C(C)C,43,43,[#6]12-&@[#6]-&@[#6]-&@[#6]-&@[#7]-&@1-&@[#6](=&!@[#8&!R])-&@[#6](-&@[#7]1-&@[#6]-&@2(-&@[#8]-&@[#6](-&@[#6]-&@1=&!@[#8&!R])(-&!@[#7&!R]-&!@[#6&!R](=&!@[#8&!R])-&!@[#6]1-&@[#6]-&@[#7](-&!@[#6&!R])-&@[#6]2-&@[#6](=&@[#6]-&@1)-&@[#6]1:&@[#6]:&@[#6]:&@[#6]:&@[#6]3:&@[#6]:&@1:&@[#6](-&@[#6]-&@2):&@[#6](:&@[#7]:&@3)-&!@[#35&!R])-&!@[#6&!R](-&!@[#6&!R])-&!@[#6&!R])-&!@[#8&!R])-&!@[#6&!R]-&!@[#6&!R](-&!@[#6&!R])-&!@[#6&!R],43,1.0
d18,d19,[H][C@@]12CCCN1C(=O)[C@H](CC(C)C)N1C(=O)[C@](NC(=O)[C@H]3CN(C)[C@]4([H])CC5=C(Br)NC6=CC=CC(=C56)C4=C3)(O[C@@]21O)C(C)C,CO[C@]12CC[C@@]3(C[C@@H]1[C@](C)(O)C(C)(C)C)[C@H]1CC4=C5C(O[C@@H]2[C@@]35CCN1CC1CC1)=C(O)C=C4,43,34,"[#6&R]-,:;@[#6&R]-&@[#6&R]-&@[#6&R](-&@[#6&R]-&@[#6]1:&@[#6]:&@[#6]:&@[#6]:&@[#6]:&@[#6]:&@1)-&@[#7&R](-&@[#6&R]-&@[#6&R]-&@[#6&R])-&!@[#6&!R]",16,0.26229508196721313
d19,d18,CO[C@]12CC[C@@]3(C[C@@H]1[C@](C)(O)C(C)(C)C)[C@H]1CC4=C5C(O[C@@H]2[C@@]35CCN1CC1CC1)=C(O)C=C4,[H][C@@]12CCCN1C(=O)[C@H](CC(C)C)N1C(=O)[C@](NC(=O)[C@H]3CN(C)[C@]4([H])CC5=C(Br)NC6=CC=CC(=C56)C4=C3)(O[C@@]21O)C(C)C,34,43,"[#6&R]-,:;@[#6&R]-&@[#6&R]-&@[#6&R](-&@[#6&R]-&@[#6]1:&@[#6]:&@[#6]:&@[#6]:&@[#6]:&@[#6]:&@1)-&@[#7&R](-&@[#6&R]-&@[#6&R]-&@[#6&R])-&!@[#6&!R]",16,0.26229508196721313
d18,d20,[H][C@@]12CCCN1C(=O)[C@H](CC(C)C)N1C(=O)[C@](NC(=O)[C@H]3CN(C)[C@]4([H])CC5=C(Br)NC6=CC=CC(=C56)C4=C3)(O[C@@]21O)C(C)C,CC(NC(C)(C)C)C(=O)C1=CC(Cl)=CC=C1,43,16,"[#6]1:,-;@[#6]:,-;@[#6]:&@[#6]:&@[#6]:,-;@[#6]:,-;@1",6,0.11320754716981132
d20,d18,CC(NC(C)(C)C)C(=O)C1=CC(Cl)=CC=C1,[H][C@@]12CCCN1C(=O)[C@H](CC(C)C)N1C(=O)[C@](NC(=O)[C@H]3CN(C)[C@]4([H])CC5=C(Br)NC6=CC=CC(=C56)C4=C3)(O[C@@]21O)C(C)C,16,43,"[#6]1:,-;@[#6]:,-;@[#6]:&@[#6]:&@[#6]:,-;@[#6]:,-;@1",6,0.11320754716981132
d19,d19,CO[C@]12CC[C@@]3(C[C@@H]1[C@](C)(O)C(C)(C)C)[C@H]1CC4=C5C(O[C@@H]2[C@@]35CCN1CC1CC1)=C(O)C=C4,CO[C@]12CC[C@@]3(C[C@@H]1[C@](C)(O)C(C)(C)C)[C@H]1CC4=C5C(O[C@@H]2[C@@]35CCN1CC1CC1)=C(O)C=C4,34,34,[#6&!R]-&!@[#8&!R]-&!@[#6]12-&@[#6]-&@[#6]-&@[#6]3(-&@[#6]-&@[#6]-&@1-&!@[#6&!R](-&!@[#6&!R])(-&!@[#8&!R])-&!@[#6&!R](-&!@[#6&!R])(-&!@[#6&!R])-&!@[#6&!R])-&@[#6]14-&@[#6]-&@2-&@[#8]-&@[#6]2:&@[#6]-&@1:&@[#6](-&@[#6]-&@[#6]-&@3-&@[#7](-&@[#6]-&@[#6]-&@4)-&!@[#6&!R]-&!@[#6]1-&@[#6]-&@[#6]-&@1):&@[#6]:&@[#6]:&@[#6]:&@2-&!@[#8&!R],34,1.0
d19,d20,CO[C@]12CC[C@@]3(C[C@@H]1[C@](C)(O)C(C)(C)C)[C@H]1CC4=C5C(O[C@@H]2[C@@]35CCN1CC1CC1)=C(O)C=C4,CC(NC(C)(C)C)C(=O)C1=CC(Cl)=CC=C1,34,16,"[#6&!R]-&!@[#6&!R]-&!@[#6&!R]-&!@[#6]1:,-;@[#6]:,-;@[#6]:,-;@[#6]:,-;@[#6]:,-;@[#6]:,-;@1",9,0.21951219512195122
d20,d19,CC(NC(C)(C)C)C(=O)C1=CC(Cl)=CC=C1,CO[C@]12CC[C@@]3(C[C@@H]1[C@](C)(O)C(C)(C)C)[C@H]1CC4=C5C(O[C@@H]2[C@@]35CCN1CC1CC1)=C(O)C=C4,16,34,"[#6&!R]-&!@[#6&!R]-&!@[#6&!R]-&!@[#6]1:,-;@[#6]:,-;@[#6]:,-;@[#6]:,-;@[#6]:,-;@[#6]:,-;@1",9,0.21951219512195122
d20,d20,CC(NC(C)(C)C)C(=O)C1=CC(Cl)=CC=C1,CC(NC(C)(C)C)C(=O)C1=CC(Cl)=CC=C1,16,16,[#6&!R]-&!@[#6&!R](-&!@[#7&!R]-&!@[#6&!R](-&!@[#6&!R])(-&!@[#6&!R])-&!@[#6&!R])-&!@[#6&!R](=&!@[#8&!R])-&!@[#6]1:&@[#6]:&@[#6](-&!@[#17&!R]):&@[#6]:&@[#6]:&@[#6]:&@1,16,1.0
